video_id,track_id,t_start,t_end,score,label
datasets/gmdcsa24/Subject 1/ADL/01.mp4,2,0.304,1.408,0.615,1
datasets/gmdcsa24/Subject 1/ADL/01.mp4,4,1.68,3.056,0.9,1
datasets/gmdcsa24/Subject 1/ADL/01.mp4,4,3.088,3.12,0.561,1
datasets/gmdcsa24/Subject 1/ADL/01.mp4,4,3.424,4.128,0.599,1
datasets/gmdcsa24/Subject 1/ADL/01.mp4,4,4.16,4.688,0.584,1
datasets/gmdcsa24/Subject 1/ADL/01.mp4,4,4.752,4.896,0.558,1
datasets/gmdcsa24/Subject 1/ADL/01.mp4,4,5.136,5.168,0.561,1
datasets/gmdcsa24/Subject 1/ADL/01.mp4,4,5.824,6.4,0.607,1
datasets/gmdcsa24/Subject 1/ADL/01.mp4,4,6.608,6.64,0.56,1
datasets/gmdcsa24/Subject 1/ADL/01.mp4,4,7.2,8.24,0.633,1
datasets/gmdcsa24/Subject 1/ADL/02.mp4,1,0.034,0.192,0.57,1
datasets/gmdcsa24/Subject 1/ADL/02.mp4,1,0.224,1.408,0.604,1
datasets/gmdcsa24/Subject 1/ADL/02.mp4,1,1.472,1.504,0.596,1
datasets/gmdcsa24/Subject 1/ADL/02.mp4,1,1.536,2.144,0.869,1
datasets/gmdcsa24/Subject 1/ADL/02.mp4,1,2.176,6.656,0.88,1
datasets/gmdcsa24/Subject 1/ADL/02.mp4,2,0.4,0.432,0.563,1
datasets/gmdcsa24/Subject 1/ADL/02.mp4,2,0.528,0.56,0.564,1
datasets/gmdcsa24/Subject 1/ADL/02.mp4,2,0.592,0.736,0.723,1
datasets/gmdcsa24/Subject 1/ADL/02.mp4,3,0.896,1.104,0.618,1
datasets/gmdcsa24/Subject 1/ADL/03.mp4,1,0.034,0.064,0.614,1
datasets/gmdcsa24/Subject 1/ADL/03.mp4,1,0.224,0.592,0.738,1
datasets/gmdcsa24/Subject 1/ADL/03.mp4,3,0.192,0.368,0.609,1
datasets/gmdcsa24/Subject 1/ADL/03.mp4,3,0.656,0.768,0.694,1
datasets/gmdcsa24/Subject 1/ADL/03.mp4,3,0.8,0.928,0.591,1
datasets/gmdcsa24/Subject 1/ADL/03.mp4,3,0.96,2.672,0.864,1
datasets/gmdcsa24/Subject 1/ADL/03.mp4,3,3.104,3.136,0.609,1
datasets/gmdcsa24/Subject 1/ADL/03.mp4,3,3.168,6.656,0.705,1
datasets/gmdcsa24/Subject 1/ADL/04.mp4,1,0.034,1.552,0.742,1
datasets/gmdcsa24/Subject 1/ADL/04.mp4,1,1.824,2.72,0.836,1
datasets/gmdcsa24/Subject 1/ADL/04.mp4,1,2.816,3.184,0.745,1
datasets/gmdcsa24/Subject 1/ADL/04.mp4,5,3.36,3.552,0.71,1
datasets/gmdcsa24/Subject 1/ADL/04.mp4,5,3.584,3.632,0.568,1
datasets/gmdcsa24/Subject 1/ADL/04.mp4,5,3.76,3.792,0.604,1
datasets/gmdcsa24/Subject 1/ADL/04.mp4,5,3.824,4.128,0.75,1
datasets/gmdcsa24/Subject 1/ADL/04.mp4,5,4.192,4.224,0.589,1
datasets/gmdcsa24/Subject 1/ADL/04.mp4,5,4.288,4.4,0.577,1
datasets/gmdcsa24/Subject 1/ADL/04.mp4,8,3.52,3.552,0.578,1
datasets/gmdcsa24/Subject 1/ADL/04.mp4,8,3.584,3.632,0.656,1
datasets/gmdcsa24/Subject 1/ADL/04.mp4,8,4.096,4.16,0.647,1
datasets/gmdcsa24/Subject 1/ADL/04.mp4,8,4.192,4.288,0.559,1
datasets/gmdcsa24/Subject 1/ADL/04.mp4,8,4.496,4.992,0.68,1
datasets/gmdcsa24/Subject 1/ADL/04.mp4,8,5.168,5.296,0.654,1
datasets/gmdcsa24/Subject 1/ADL/04.mp4,8,5.472,5.568,0.553,1
datasets/gmdcsa24/Subject 1/ADL/04.mp4,8,5.728,5.776,0.586,1
datasets/gmdcsa24/Subject 1/ADL/04.mp4,10,4.624,5.104,0.659,1
datasets/gmdcsa24/Subject 1/ADL/04.mp4,10,5.664,5.696,0.564,1
datasets/gmdcsa24/Subject 1/ADL/04.mp4,10,5.728,5.776,0.564,1
datasets/gmdcsa24/Subject 1/ADL/05.mp4,1,1.296,1.328,0.553,1
datasets/gmdcsa24/Subject 1/ADL/05.mp4,2,1.6,2.144,0.807,1
datasets/gmdcsa24/Subject 1/ADL/05.mp4,2,2.176,2.4,0.699,1
datasets/gmdcsa24/Subject 1/ADL/05.mp4,2,3.344,3.952,0.805,1
datasets/gmdcsa24/Subject 1/ADL/05.mp4,3,1.904,1.936,0.829,1
datasets/gmdcsa24/Subject 1/ADL/05.mp4,3,1.969,2.0,0.564,1
datasets/gmdcsa24/Subject 1/ADL/05.mp4,3,2.48,2.944,0.733,1
datasets/gmdcsa24/Subject 1/ADL/05.mp4,3,4.784,4.816,0.629,1
datasets/gmdcsa24/Subject 1/ADL/05.mp4,7,4.112,4.48,0.599,1
datasets/gmdcsa24/Subject 1/ADL/05.mp4,7,5.456,5.456,0.605,1
datasets/gmdcsa24/Subject 1/ADL/05.mp4,10,5.728,6.352,0.816,1
datasets/gmdcsa24/Subject 1/ADL/05.mp4,10,6.4,6.464,0.621,1
datasets/gmdcsa24/Subject 1/ADL/05.mp4,10,6.496,6.928,0.75,1
datasets/gmdcsa24/Subject 1/ADL/05.mp4,10,7.392,8.096,0.665,1
datasets/gmdcsa24/Subject 1/ADL/05.mp4,10,8.208,8.336,0.697,1
datasets/gmdcsa24/Subject 1/ADL/05.mp4,10,8.4,8.432,0.662,1
datasets/gmdcsa24/Subject 1/ADL/05.mp4,10,8.608,8.768,0.744,1
datasets/gmdcsa24/Subject 1/ADL/05.mp4,10,8.8,8.832,0.705,1
datasets/gmdcsa24/Subject 1/ADL/05.mp4,10,8.912,9.84,0.815,1
datasets/gmdcsa24/Subject 1/ADL/05.mp4,10,9.872,10.384,0.7,1
datasets/gmdcsa24/Subject 1/ADL/05.mp4,10,10.416,10.512,0.695,1
datasets/gmdcsa24/Subject 1/ADL/05.mp4,11,6.496,7.088,0.658,1
datasets/gmdcsa24/Subject 1/ADL/05.mp4,11,7.136,7.504,0.676,1
datasets/gmdcsa24/Subject 1/ADL/05.mp4,11,8.672,9.04,0.685,1
datasets/gmdcsa24/Subject 1/ADL/05.mp4,11,9.568,9.648,0.551,1
datasets/gmdcsa24/Subject 1/ADL/06.mp4,1,0.032,0.672,0.774,1
datasets/gmdcsa24/Subject 1/ADL/06.mp4,1,0.704,1.008,0.756,1
datasets/gmdcsa24/Subject 1/ADL/06.mp4,2,0.976,1.072,0.709,1
datasets/gmdcsa24/Subject 1/ADL/06.mp4,3,1.68,5.136,0.889,1
datasets/gmdcsa24/Subject 1/ADL/06.mp4,3,5.2,12.192,0.849,1
datasets/gmdcsa24/Subject 1/ADL/06.mp4,4,2.72,2.88,0.678,1
datasets/gmdcsa24/Subject 1/ADL/11.mp4,1,1.152,1.248,0.695,1
datasets/gmdcsa24/Subject 1/ADL/13.mp4,1,0.112,1.488,0.674,1
datasets/gmdcsa24/Subject 1/ADL/13.mp4,1,1.584,1.648,0.644,1
datasets/gmdcsa24/Subject 1/ADL/13.mp4,1,1.712,2.48,0.631,1
datasets/gmdcsa24/Subject 1/ADL/13.mp4,1,2.512,2.752,0.613,1
datasets/gmdcsa24/Subject 1/ADL/13.mp4,1,2.992,3.184,0.601,1
datasets/gmdcsa24/Subject 1/ADL/13.mp4,1,3.584,3.632,0.569,1
datasets/gmdcsa24/Subject 1/ADL/13.mp4,1,3.824,3.92,0.554,1
datasets/gmdcsa24/Subject 1/ADL/13.mp4,1,4.096,4.16,0.609,1
datasets/gmdcsa24/Subject 1/ADL/13.mp4,1,4.224,4.624,0.66,1
datasets/gmdcsa24/Subject 1/ADL/13.mp4,1,4.768,5.104,0.613,1
datasets/gmdcsa24/Subject 1/ADL/13.mp4,1,5.2,6.272,0.692,1
datasets/gmdcsa24/Subject 1/ADL/13.mp4,2,3.216,3.76,0.783,1
datasets/gmdcsa24/Subject 1/ADL/13.mp4,2,3.824,6.272,0.85,1
datasets/gmdcsa24/Subject 1/ADL/14.mp4,1,0.032,0.368,0.804,1
datasets/gmdcsa24/Subject 1/ADL/14.mp4,1,0.4,0.432,0.662,1
datasets/gmdcsa24/Subject 1/ADL/14.mp4,1,0.464,1.04,0.86,1
datasets/gmdcsa24/Subject 1/ADL/14.mp4,2,0.032,0.432,0.648,1
datasets/gmdcsa24/Subject 1/ADL/14.mp4,2,0.528,1.072,0.658,1
datasets/gmdcsa24/Subject 1/ADL/14.mp4,2,1.344,1.6,0.625,1
datasets/gmdcsa24/Subject 1/ADL/14.mp4,2,1.712,2.24,0.654,1
datasets/gmdcsa24/Subject 1/ADL/14.mp4,2,2.448,2.672,0.609,1
datasets/gmdcsa24/Subject 1/ADL/14.mp4,2,2.976,3.008,0.576,1
datasets/gmdcsa24/Subject 1/ADL/14.mp4,2,3.04,3.68,0.727,1
datasets/gmdcsa24/Subject 1/ADL/14.mp4,2,3.712,5.824,0.725,1
datasets/gmdcsa24/Subject 1/ADL/15.mp4,1,0.032,0.528,0.659,1
datasets/gmdcsa24/Subject 1/ADL/15.mp4,1,0.592,0.928,0.627,1
datasets/gmdcsa24/Subject 1/ADL/15.mp4,1,0.96,1.168,0.572,1
datasets/gmdcsa24/Subject 1/ADL/15.mp4,1,1.44,1.84,0.611,1
datasets/gmdcsa24/Subject 1/ADL/15.mp4,1,1.904,2.0,0.614,1
datasets/gmdcsa24/Subject 1/ADL/15.mp4,1,2.304,2.48,0.65,1
datasets/gmdcsa24/Subject 1/ADL/15.mp4,1,2.512,2.704,0.576,1
datasets/gmdcsa24/Subject 1/ADL/15.mp4,1,3.072,3.136,0.683,1
datasets/gmdcsa24/Subject 1/ADL/15.mp4,1,3.184,3.616,0.629,1
datasets/gmdcsa24/Subject 1/ADL/15.mp4,1,3.68,4.08,0.578,1
datasets/gmdcsa24/Subject 1/ADL/15.mp4,1,4.288,4.48,0.603,1
datasets/gmdcsa24/Subject 1/ADL/15.mp4,1,4.544,5.152,0.634,1
datasets/gmdcsa24/Subject 1/ADL/15.mp4,1,5.216,5.488,0.621,1
datasets/gmdcsa24/Subject 1/ADL/15.mp4,1,5.552,5.792,0.628,1
datasets/gmdcsa24/Subject 1/ADL/15.mp4,1,5.824,5.92,0.578,1
datasets/gmdcsa24/Subject 1/ADL/15.mp4,1,5.952,6.288,0.686,1
datasets/gmdcsa24/Subject 1/ADL/15.mp4,1,6.432,6.496,0.561,1
datasets/gmdcsa24/Subject 1/ADL/15.mp4,1,6.528,6.992,0.665,1
datasets/gmdcsa24/Subject 1/ADL/15.mp4,1,7.088,7.136,0.685,1
datasets/gmdcsa24/Subject 1/ADL/15.mp4,4,4.048,7.136,0.871,1
datasets/gmdcsa24/Subject 1/ADL/16.mp4,1,0.032,0.64,0.824,1
datasets/gmdcsa24/Subject 1/ADL/16.mp4,1,0.672,2.08,0.866,1
datasets/gmdcsa24/Subject 1/ADL/16.mp4,1,2.176,2.656,0.799,1
datasets/gmdcsa24/Subject 1/ADL/16.mp4,1,2.688,3.488,0.812,1
datasets/gmdcsa24/Subject 1/ADL/16.mp4,2,0.032,0.368,0.614,1
datasets/gmdcsa24/Subject 1/ADL/16.mp4,2,0.432,1.92,0.676,1
datasets/gmdcsa24/Subject 1/ADL/16.mp4,2,1.952,2.08,0.63,1
datasets/gmdcsa24/Subject 1/ADL/16.mp4,2,2.176,2.448,0.624,1
datasets/gmdcsa24/Subject 1/ADL/16.mp4,2,2.48,2.544,0.562,1
datasets/gmdcsa24/Subject 1/ADL/16.mp4,2,2.688,3.488,0.645,1
datasets/gmdcsa24/Subject 1/Fall/01.mp4,1,1.84,2.08,0.785,1
datasets/gmdcsa24/Subject 1/Fall/01.mp4,1,2.112,2.24,0.703,1
datasets/gmdcsa24/Subject 1/Fall/01.mp4,1,2.512,2.576,0.656,1
datasets/gmdcsa24/Subject 1/Fall/01.mp4,1,3.152,3.184,0.553,1
datasets/gmdcsa24/Subject 1/Fall/01.mp4,1,3.376,4.112,0.898,1
datasets/gmdcsa24/Subject 1/Fall/01.mp4,1,4.496,4.592,0.6,1
datasets/gmdcsa24/Subject 1/Fall/01.mp4,1,4.816,6.832,0.793,1
datasets/gmdcsa24/Subject 1/Fall/01.mp4,3,4.224,4.32,0.727,1
datasets/gmdcsa24/Subject 1/Fall/02.mp4,2,2.112,2.512,0.72,1
datasets/gmdcsa24/Subject 1/Fall/02.mp4,5,2.72,2.752,0.644,1
datasets/gmdcsa24/Subject 1/Fall/02.mp4,5,2.784,2.816,0.573,1
datasets/gmdcsa24/Subject 1/Fall/02.mp4,5,2.848,2.88,0.568,1
datasets/gmdcsa24/Subject 1/Fall/02.mp4,5,3.344,4.864,0.772,1
datasets/gmdcsa24/Subject 1/Fall/02.mp4,5,4.992,5.456,0.673,1
datasets/gmdcsa24/Subject 1/Fall/02.mp4,5,5.6,6.336,0.72,1
datasets/gmdcsa24/Subject 1/Fall/03.mp4,2,2.608,5.888,0.86,1
datasets/gmdcsa24/Subject 1/Fall/04.mp4,1,2.512,3.072,0.86,1
datasets/gmdcsa24/Subject 1/Fall/04.mp4,5,3.28,3.648,0.586,1
datasets/gmdcsa24/Subject 1/Fall/04.mp4,5,3.712,4.928,0.701,1
datasets/gmdcsa24/Subject 1/Fall/04.mp4,6,3.344,3.744,0.68,1
datasets/gmdcsa24/Subject 1/Fall/04.mp4,6,3.856,3.92,0.683,1
datasets/gmdcsa24/Subject 1/Fall/04.mp4,6,4.08,4.112,0.552,1
datasets/gmdcsa24/Subject 1/Fall/04.mp4,6,4.224,4.256,0.565,1
datasets/gmdcsa24/Subject 1/Fall/04.mp4,6,4.32,4.384,0.613,1
datasets/gmdcsa24/Subject 1/Fall/04.mp4,6,4.656,4.72,0.592,1
datasets/gmdcsa24/Subject 1/Fall/04.mp4,6,4.928,4.928,0.625,1
datasets/gmdcsa24/Subject 1/Fall/05.mp4,8,1.664,1.776,0.619,1
datasets/gmdcsa24/Subject 1/Fall/05.mp4,8,1.936,2.112,0.74,1
datasets/gmdcsa24/Subject 1/Fall/05.mp4,9,2.336,5.824,0.887,1
datasets/gmdcsa24/Subject 1/Fall/06.mp4,3,0.832,0.864,0.603,1
datasets/gmdcsa24/Subject 1/Fall/06.mp4,3,0.928,0.976,0.608,1
datasets/gmdcsa24/Subject 1/Fall/06.mp4,3,1.136,1.168,0.617,1
datasets/gmdcsa24/Subject 1/Fall/06.mp4,3,1.2,2.208,0.675,1
datasets/gmdcsa24/Subject 1/Fall/06.mp4,3,2.272,2.48,0.771,1
datasets/gmdcsa24/Subject 1/Fall/06.mp4,3,2.544,2.608,0.65,1
datasets/gmdcsa24/Subject 1/Fall/06.mp4,3,2.64,2.672,0.612,1
datasets/gmdcsa24/Subject 1/Fall/06.mp4,4,2.608,5.664,0.909,1
datasets/gmdcsa24/Subject 1/Fall/07.mp4,2,0.544,1.072,0.611,1
datasets/gmdcsa24/Subject 1/Fall/07.mp4,4,1.536,5.12,0.911,1
datasets/gmdcsa24/Subject 1/Fall/08.mp4,1,1.44,4.32,0.907,1
datasets/gmdcsa24/Subject 1/Fall/09.mp4,1,1.504,1.536,0.744,1
datasets/gmdcsa24/Subject 1/Fall/09.mp4,1,1.568,4.448,0.903,1
datasets/gmdcsa24/Subject 1/Fall/10.mp4,1,1.52,4.464,0.905,1
datasets/gmdcsa24/Subject 1/Fall/11.mp4,1,0.032,0.432,0.706,1
datasets/gmdcsa24/Subject 1/Fall/11.mp4,1,0.464,0.56,0.686,1
datasets/gmdcsa24/Subject 1/Fall/11.mp4,1,0.593,0.624,0.57,1
datasets/gmdcsa24/Subject 1/Fall/11.mp4,1,0.768,0.864,0.611,1
datasets/gmdcsa24/Subject 1/Fall/11.mp4,1,0.96,1.008,0.677,1
datasets/gmdcsa24/Subject 1/Fall/11.mp4,1,1.072,1.328,0.716,1
datasets/gmdcsa24/Subject 1/Fall/11.mp4,1,4.288,4.544,0.61,1
datasets/gmdcsa24/Subject 1/Fall/11.mp4,1,4.688,4.688,0.629,1
datasets/gmdcsa24/Subject 1/Fall/11.mp4,2,1.472,6.064,0.916,1
datasets/gmdcsa24/Subject 1/Fall/12.mp4,1,0.034,0.432,0.737,1
datasets/gmdcsa24/Subject 1/Fall/12.mp4,1,0.496,0.592,0.694,1
datasets/gmdcsa24/Subject 1/Fall/12.mp4,1,0.8,0.864,0.651,1
datasets/gmdcsa24/Subject 1/Fall/12.mp4,1,1.136,1.168,0.675,1
datasets/gmdcsa24/Subject 1/Fall/12.mp4,1,1.328,1.6,0.62,1
datasets/gmdcsa24/Subject 1/Fall/12.mp4,1,1.729,1.808,0.688,1
datasets/gmdcsa24/Subject 1/Fall/12.mp4,1,1.968,2.176,0.695,1
datasets/gmdcsa24/Subject 1/Fall/12.mp4,1,2.576,2.736,0.615,1
datasets/gmdcsa24/Subject 1/Fall/12.mp4,1,2.912,3.28,0.604,1
datasets/gmdcsa24/Subject 1/Fall/12.mp4,2,2.512,6.8,0.933,1
datasets/gmdcsa24/Subject 1/Fall/13.mp4,5,1.008,1.2,0.859,1
datasets/gmdcsa24/Subject 1/Fall/13.mp4,5,1.312,4.288,0.918,1
datasets/gmdcsa24/Subject 1/Fall/14.mp4,2,0.304,0.8,0.734,1
datasets/gmdcsa24/Subject 1/Fall/14.mp4,2,0.832,1.072,0.746,1
datasets/gmdcsa24/Subject 1/Fall/14.mp4,2,1.104,1.6,0.846,1
datasets/gmdcsa24/Subject 1/Fall/14.mp4,2,2.032,2.272,0.608,1
datasets/gmdcsa24/Subject 1/Fall/14.mp4,2,2.304,2.48,0.628,1
datasets/gmdcsa24/Subject 1/Fall/14.mp4,2,2.544,4.08,0.761,1
datasets/gmdcsa24/Subject 1/Fall/14.mp4,2,4.144,4.848,0.702,1
datasets/gmdcsa24/Subject 1/Fall/14.mp4,2,4.912,5.664,0.711,1
datasets/gmdcsa24/Subject 1/Fall/15.mp4,1,0.032,5.968,0.838,1
datasets/gmdcsa24/Subject 1/Fall/16.mp4,1,0.034,0.272,0.625,1
datasets/gmdcsa24/Subject 1/Fall/16.mp4,1,0.304,0.336,0.565,1
datasets/gmdcsa24/Subject 1/Fall/16.mp4,1,0.416,0.48,0.567,1
datasets/gmdcsa24/Subject 1/Fall/16.mp4,1,0.544,0.64,0.569,1
datasets/gmdcsa24/Subject 1/Fall/16.mp4,1,0.672,0.944,0.625,1
datasets/gmdcsa24/Subject 1/Fall/16.mp4,1,0.976,1.184,0.64,1
datasets/gmdcsa24/Subject 1/Fall/16.mp4,1,1.216,1.584,0.679,1
datasets/gmdcsa24/Subject 1/Fall/16.mp4,1,1.68,1.856,0.583,1
datasets/gmdcsa24/Subject 1/Fall/16.mp4,1,1.888,1.984,0.671,1
datasets/gmdcsa24/Subject 1/Fall/16.mp4,1,2.112,2.352,0.651,1
datasets/gmdcsa24/Subject 1/Fall/16.mp4,1,2.384,2.528,0.667,1
datasets/gmdcsa24/Subject 1/Fall/16.mp4,1,2.592,2.848,0.584,1
datasets/gmdcsa24/Subject 1/Fall/16.mp4,1,3.056,3.392,0.67,1
datasets/gmdcsa24/Subject 1/Fall/16.mp4,5,2.144,2.256,0.585,1
datasets/gmdcsa24/Subject 1/Fall/16.mp4,5,2.384,2.816,0.643,1
datasets/gmdcsa24/Subject 1/Fall/16.mp4,5,3.12,6.064,0.912,1
datasets/gmdcsa24/Subject 1/Fall/16.mp4,7,4.592,5.408,0.596,1
datasets/gmdcsa24/Subject 2/ADL/01.mp4,1,0.032,1.28,0.711,1
datasets/gmdcsa24/Subject 2/ADL/01.mp4,1,1.312,1.376,0.665,1
datasets/gmdcsa24/Subject 2/ADL/01.mp4,1,1.408,1.744,0.762,1
datasets/gmdcsa24/Subject 2/ADL/01.mp4,1,1.808,1.856,0.565,1
datasets/gmdcsa24/Subject 2/ADL/01.mp4,1,1.952,2.016,0.639,1
datasets/gmdcsa24/Subject 2/ADL/01.mp4,1,2.048,3.184,0.787,1
datasets/gmdcsa24/Subject 2/ADL/01.mp4,1,3.248,3.36,0.644,1
datasets/gmdcsa24/Subject 2/ADL/01.mp4,1,3.584,3.616,0.553,1
datasets/gmdcsa24/Subject 2/ADL/01.mp4,1,3.664,4.064,0.713,1
datasets/gmdcsa24/Subject 2/ADL/01.mp4,1,4.16,4.464,0.589,1
datasets/gmdcsa24/Subject 2/ADL/01.mp4,1,4.56,4.592,0.631,1
datasets/gmdcsa24/Subject 2/ADL/01.mp4,1,4.624,4.656,0.57,1
datasets/gmdcsa24/Subject 2/ADL/01.mp4,1,4.864,4.992,0.67,1
datasets/gmdcsa24/Subject 2/ADL/01.mp4,1,5.136,5.696,0.766,1
datasets/gmdcsa24/Subject 2/ADL/01.mp4,1,5.728,5.776,0.675,1
datasets/gmdcsa24/Subject 2/ADL/01.mp4,1,5.84,6.096,0.735,1
datasets/gmdcsa24/Subject 2/ADL/01.mp4,1,6.176,6.272,0.571,1
datasets/gmdcsa24/Subject 2/ADL/01.mp4,1,6.304,6.336,0.606,1
datasets/gmdcsa24/Subject 2/ADL/01.mp4,1,6.464,9.552,0.816,1
datasets/gmdcsa24/Subject 2/ADL/01.mp4,1,9.728,9.984,0.632,1
datasets/gmdcsa24/Subject 2/ADL/01.mp4,1,10.128,10.224,0.748,1
datasets/gmdcsa24/Subject 2/ADL/01.mp4,1,10.352,11.36,0.785,1
datasets/gmdcsa24/Subject 2/ADL/01.mp4,2,6.064,6.176,0.828,1
datasets/gmdcsa24/Subject 2/ADL/01.mp4,2,6.24,6.512,0.878,1
datasets/gmdcsa24/Subject 2/ADL/01.mp4,5,8.816,9.056,0.741,1
datasets/gmdcsa24/Subject 2/ADL/01.mp4,5,9.12,10.16,0.852,1
datasets/gmdcsa24/Subject 2/ADL/01.mp4,9,10.592,10.624,0.717,1
datasets/gmdcsa24/Subject 2/ADL/01.mp4,9,10.656,10.752,0.8,1
datasets/gmdcsa24/Subject 2/ADL/01.mp4,9,10.864,11.024,0.812,1
datasets/gmdcsa24/Subject 2/ADL/01.mp4,9,11.136,11.2,0.73,1
datasets/gmdcsa24/Subject 2/ADL/01.mp4,9,11.328,11.36,0.746,1
datasets/gmdcsa24/Subject 2/ADL/02.mp4,7,1.296,1.376,0.591,1
datasets/gmdcsa24/Subject 2/ADL/02.mp4,7,1.664,1.712,0.669,1
datasets/gmdcsa24/Subject 2/ADL/02.mp4,7,2.0,2.704,0.798,1
datasets/gmdcsa24/Subject 2/ADL/02.mp4,7,3.28,3.312,0.55,1
datasets/gmdcsa24/Subject 2/ADL/02.mp4,9,1.472,3.344,0.818,1
datasets/gmdcsa24/Subject 2/ADL/02.mp4,9,4.32,4.352,0.641,1
datasets/gmdcsa24/Subject 2/ADL/02.mp4,9,4.384,4.752,0.656,1
datasets/gmdcsa24/Subject 2/ADL/02.mp4,9,4.816,4.848,0.557,1
datasets/gmdcsa24/Subject 2/ADL/02.mp4,9,4.881,5.664,0.81,1
datasets/gmdcsa24/Subject 2/ADL/02.mp4,9,5.728,6.224,0.767,1
datasets/gmdcsa24/Subject 2/ADL/02.mp4,9,6.368,7.664,0.77,1
datasets/gmdcsa24/Subject 2/ADL/02.mp4,9,8.432,8.432,0.587,1
datasets/gmdcsa24/Subject 2/ADL/02.mp4,11,2.736,3.408,0.727,1
datasets/gmdcsa24/Subject 2/ADL/02.mp4,11,3.44,3.856,0.621,1
datasets/gmdcsa24/Subject 2/ADL/02.mp4,11,3.888,4.08,0.702,1
datasets/gmdcsa24/Subject 2/ADL/02.mp4,11,4.224,4.256,0.567,1
datasets/gmdcsa24/Subject 2/ADL/02.mp4,11,4.288,4.416,0.693,1
datasets/gmdcsa24/Subject 2/ADL/02.mp4,11,6.768,6.8,0.608,1
datasets/gmdcsa24/Subject 2/ADL/02.mp4,11,7.136,7.2,0.551,1
datasets/gmdcsa24/Subject 2/ADL/02.mp4,14,5.392,5.584,0.599,1
datasets/gmdcsa24/Subject 2/ADL/02.mp4,15,6.624,6.688,0.679,1
datasets/gmdcsa24/Subject 2/ADL/02.mp4,21,10.352,10.576,0.723,1
datasets/gmdcsa24/Subject 2/ADL/02.mp4,21,10.608,10.72,0.756,1
datasets/gmdcsa24/Subject 2/ADL/02.mp4,21,10.992,11.024,0.582,1
datasets/gmdcsa24/Subject 2/ADL/02.mp4,21,11.056,11.152,0.559,1
datasets/gmdcsa24/Subject 2/ADL/02.mp4,21,11.28,11.312,0.564,1
datasets/gmdcsa24/Subject 2/ADL/02.mp4,21,11.36,11.488,0.645,1
datasets/gmdcsa24/Subject 2/ADL/03.mp4,1,0.48,1.072,0.826,1
datasets/gmdcsa24/Subject 2/ADL/03.mp4,1,1.104,1.44,0.687,1
datasets/gmdcsa24/Subject 2/ADL/03.mp4,1,1.552,1.584,0.615,1
datasets/gmdcsa24/Subject 2/ADL/03.mp4,1,1.808,2.208,0.786,1
datasets/gmdcsa24/Subject 2/ADL/03.mp4,1,2.256,2.416,0.767,1
datasets/gmdcsa24/Subject 2/ADL/03.mp4,3,3.76,3.824,0.706,1
datasets/gmdcsa24/Subject 2/ADL/03.mp4,4,4.432,4.96,0.834,1
datasets/gmdcsa24/Subject 2/ADL/03.mp4,4,5.056,5.168,0.561,1
datasets/gmdcsa24/Subject 2/ADL/03.mp4,4,5.264,5.728,0.721,1
datasets/gmdcsa24/Subject 2/ADL/03.mp4,4,5.792,5.872,0.649,1
datasets/gmdcsa24/Subject 2/ADL/03.mp4,4,7.808,11.904,0.874,1
datasets/gmdcsa24/Subject 2/ADL/03.mp4,5,6.032,6.16,0.631,1
datasets/gmdcsa24/Subject 2/ADL/03.mp4,6,7.072,7.104,0.673,1
datasets/gmdcsa24/Subject 2/ADL/03.mp4,7,7.344,7.504,0.652,1
datasets/gmdcsa24/Subject 2/ADL/04.mp4,2,0.4,0.672,0.717,1
datasets/gmdcsa24/Subject 2/ADL/04.mp4,2,1.344,1.808,0.574,1
datasets/gmdcsa24/Subject 2/ADL/04.mp4,2,1.904,4.448,0.798,1
datasets/gmdcsa24/Subject 2/ADL/04.mp4,2,4.528,4.624,0.61,1
datasets/gmdcsa24/Subject 2/ADL/04.mp4,2,4.657,5.184,0.659,1
datasets/gmdcsa24/Subject 2/ADL/04.mp4,2,5.52,5.632,0.738,1
datasets/gmdcsa24/Subject 2/ADL/04.mp4,2,5.696,5.728,0.628,1
datasets/gmdcsa24/Subject 2/ADL/04.mp4,2,5.76,5.792,0.564,1
datasets/gmdcsa24/Subject 2/ADL/04.mp4,2,6.304,6.4,0.571,1
datasets/gmdcsa24/Subject 2/ADL/04.mp4,2,6.704,7.472,0.616,1
datasets/gmdcsa24/Subject 2/ADL/05.mp4,4,2.272,2.512,0.739,1
datasets/gmdcsa24/Subject 2/ADL/05.mp4,4,2.64,2.672,0.565,1
datasets/gmdcsa24/Subject 2/ADL/05.mp4,4,3.28,3.552,0.796,1
datasets/gmdcsa24/Subject 2/ADL/05.mp4,4,3.648,3.68,0.746,1
datasets/gmdcsa24/Subject 2/ADL/05.mp4,7,3.616,4.112,0.761,1
datasets/gmdcsa24/Subject 2/ADL/05.mp4,11,5.264,5.328,0.579,1
datasets/gmdcsa24/Subject 2/ADL/05.mp4,11,5.36,5.696,0.881,1
datasets/gmdcsa24/Subject 2/ADL/05.mp4,11,5.824,5.952,0.686,1
datasets/gmdcsa24/Subject 2/ADL/05.mp4,11,6.624,6.657,0.662,1
datasets/gmdcsa24/Subject 2/ADL/05.mp4,15,9.184,9.344,0.718,1
datasets/gmdcsa24/Subject 2/ADL/05.mp4,15,9.408,9.44,0.61,1
datasets/gmdcsa24/Subject 2/ADL/05.mp4,15,9.648,9.872,0.639,1
datasets/gmdcsa24/Subject 2/ADL/05.mp4,15,10.112,10.144,0.797,1
datasets/gmdcsa24/Subject 2/ADL/05.mp4,17,10.72,10.784,0.654,1
datasets/gmdcsa24/Subject 2/ADL/06.mp4,1,0.096,0.16,0.584,1
datasets/gmdcsa24/Subject 2/ADL/06.mp4,1,0.192,0.336,0.74,1
datasets/gmdcsa24/Subject 2/ADL/06.mp4,1,0.464,0.56,0.605,1
datasets/gmdcsa24/Subject 2/ADL/06.mp4,1,0.704,0.896,0.698,1
datasets/gmdcsa24/Subject 2/ADL/06.mp4,1,1.408,1.84,0.668,1
datasets/gmdcsa24/Subject 2/ADL/06.mp4,1,2.24,2.304,0.63,1
datasets/gmdcsa24/Subject 2/ADL/06.mp4,1,4.385,4.416,0.643,1
datasets/gmdcsa24/Subject 2/ADL/06.mp4,1,4.88,5.024,0.742,1
datasets/gmdcsa24/Subject 2/ADL/06.mp4,1,5.057,5.088,0.597,1
datasets/gmdcsa24/Subject 2/ADL/06.mp4,1,5.12,5.152,0.605,1
datasets/gmdcsa24/Subject 2/ADL/06.mp4,1,5.616,5.76,0.596,1
datasets/gmdcsa24/Subject 2/ADL/06.mp4,1,8.864,9.136,0.647,1
datasets/gmdcsa24/Subject 2/ADL/06.mp4,2,0.064,0.464,0.744,1
datasets/gmdcsa24/Subject 2/ADL/06.mp4,2,0.592,1.024,0.598,1
datasets/gmdcsa24/Subject 2/ADL/06.mp4,2,1.072,1.136,0.739,1
datasets/gmdcsa24/Subject 2/ADL/06.mp4,2,1.168,1.6,0.846,1
datasets/gmdcsa24/Subject 2/ADL/06.mp4,2,1.632,1.664,0.7,1
datasets/gmdcsa24/Subject 2/ADL/06.mp4,2,1.776,2.064,0.818,1
datasets/gmdcsa24/Subject 2/ADL/06.mp4,2,2.096,2.176,0.599,1
datasets/gmdcsa24/Subject 2/ADL/06.mp4,2,2.608,2.64,0.607,1
datasets/gmdcsa24/Subject 2/ADL/06.mp4,2,4.385,5.28,0.61,1
datasets/gmdcsa24/Subject 2/ADL/06.mp4,2,6.128,7.424,0.638,1
datasets/gmdcsa24/Subject 2/ADL/06.mp4,2,7.872,10.72,0.796,1
datasets/gmdcsa24/Subject 2/ADL/06.mp4,3,1.696,1.808,0.587,1
datasets/gmdcsa24/Subject 2/ADL/07.mp4,1,0.032,0.832,0.846,1
datasets/gmdcsa24/Subject 2/ADL/07.mp4,2,0.032,0.096,0.671,1
datasets/gmdcsa24/Subject 2/ADL/07.mp4,2,0.464,0.496,0.648,1
datasets/gmdcsa24/Subject 2/ADL/07.mp4,2,0.544,0.576,0.599,1
datasets/gmdcsa24/Subject 2/ADL/07.mp4,2,0.64,0.8,0.723,1
datasets/gmdcsa24/Subject 2/ADL/07.mp4,2,1.648,1.68,0.619,1
datasets/gmdcsa24/Subject 2/ADL/07.mp4,2,1.904,2.016,0.554,1
datasets/gmdcsa24/Subject 2/ADL/07.mp4,2,3.552,3.616,0.741,1
datasets/gmdcsa24/Subject 2/ADL/07.mp4,2,3.712,3.856,0.619,1
datasets/gmdcsa24/Subject 2/ADL/07.mp4,2,3.888,4.496,0.689,1
datasets/gmdcsa24/Subject 2/ADL/07.mp4,2,4.56,4.896,0.582,1
datasets/gmdcsa24/Subject 2/ADL/07.mp4,2,4.96,4.992,0.562,1
datasets/gmdcsa24/Subject 2/ADL/07.mp4,2,5.328,5.36,0.552,1
datasets/gmdcsa24/Subject 2/ADL/07.mp4,2,5.393,5.424,0.555,1
datasets/gmdcsa24/Subject 2/ADL/07.mp4,2,5.664,5.76,0.601,1
datasets/gmdcsa24/Subject 2/ADL/07.mp4,2,5.968,6.0,0.584,1
datasets/gmdcsa24/Subject 2/ADL/07.mp4,2,6.128,6.193,0.7,1
datasets/gmdcsa24/Subject 2/ADL/07.mp4,2,6.272,6.496,0.689,1
datasets/gmdcsa24/Subject 2/ADL/07.mp4,2,6.864,6.896,0.67,1
datasets/gmdcsa24/Subject 2/ADL/07.mp4,2,7.04,7.072,0.609,1
datasets/gmdcsa24/Subject 2/ADL/07.mp4,2,7.136,7.872,0.71,1
datasets/gmdcsa24/Subject 2/ADL/07.mp4,2,8.912,9.008,0.654,1
datasets/gmdcsa24/Subject 2/ADL/07.mp4,2,9.04,9.856,0.593,1
datasets/gmdcsa24/Subject 2/ADL/07.mp4,2,9.984,11.056,0.596,1
datasets/gmdcsa24/Subject 2/ADL/07.mp4,6,1.744,1.776,0.586,1
datasets/gmdcsa24/Subject 2/ADL/07.mp4,6,1.84,1.872,0.56,1
datasets/gmdcsa24/Subject 2/ADL/07.mp4,6,2.32,2.384,0.571,1
datasets/gmdcsa24/Subject 2/ADL/07.mp4,6,2.512,2.576,0.591,1
datasets/gmdcsa24/Subject 2/ADL/07.mp4,6,2.72,2.912,0.592,1
datasets/gmdcsa24/Subject 2/ADL/07.mp4,6,3.152,3.216,0.656,1
datasets/gmdcsa24/Subject 2/ADL/07.mp4,7,2.608,3.008,0.601,1
datasets/gmdcsa24/Subject 2/ADL/07.mp4,7,3.424,3.888,0.687,1
datasets/gmdcsa24/Subject 2/ADL/07.mp4,7,3.952,4.016,0.639,1
datasets/gmdcsa24/Subject 2/ADL/07.mp4,7,4.048,4.096,0.597,1
datasets/gmdcsa24/Subject 2/ADL/07.mp4,7,4.16,4.256,0.75,1
datasets/gmdcsa24/Subject 2/ADL/07.mp4,7,4.288,4.32,0.645,1
datasets/gmdcsa24/Subject 2/ADL/07.mp4,7,4.352,4.896,0.815,1
datasets/gmdcsa24/Subject 2/ADL/07.mp4,7,4.928,5.024,0.694,1
datasets/gmdcsa24/Subject 2/ADL/07.mp4,7,5.2,5.328,0.675,1
datasets/gmdcsa24/Subject 2/ADL/07.mp4,7,5.393,5.76,0.762,1
datasets/gmdcsa24/Subject 2/ADL/07.mp4,7,5.824,5.904,0.596,1
datasets/gmdcsa24/Subject 2/ADL/07.mp4,7,6.0,6.128,0.582,1
datasets/gmdcsa24/Subject 2/ADL/07.mp4,7,6.16,6.304,0.717,1
datasets/gmdcsa24/Subject 2/ADL/07.mp4,7,6.432,6.464,0.6,1
datasets/gmdcsa24/Subject 2/ADL/07.mp4,7,6.736,6.864,0.768,1
datasets/gmdcsa24/Subject 2/ADL/07.mp4,7,7.2,7.232,0.614,1
datasets/gmdcsa24/Subject 2/ADL/07.mp4,7,7.504,7.536,0.642,1
datasets/gmdcsa24/Subject 2/ADL/07.mp4,7,7.712,7.744,0.704,1
datasets/gmdcsa24/Subject 2/ADL/07.mp4,7,7.776,7.808,0.601,1
datasets/gmdcsa24/Subject 2/ADL/07.mp4,7,7.872,9.28,0.843,1
datasets/gmdcsa24/Subject 2/ADL/07.mp4,7,9.312,9.408,0.756,1
datasets/gmdcsa24/Subject 2/ADL/07.mp4,7,9.456,9.584,0.779,1
datasets/gmdcsa24/Subject 2/ADL/07.mp4,7,10.784,11.424,0.761,1
datasets/gmdcsa24/Subject 2/ADL/07.mp4,7,11.456,11.488,0.643,1
datasets/gmdcsa24/Subject 2/ADL/07.mp4,7,11.52,11.76,0.576,1
datasets/gmdcsa24/Subject 2/ADL/07.mp4,10,8.112,8.512,0.696,1
datasets/gmdcsa24/Subject 2/ADL/07.mp4,10,8.704,9.04,0.566,1
datasets/gmdcsa24/Subject 2/ADL/07.mp4,10,11.824,11.856,0.566,1
datasets/gmdcsa24/Subject 2/ADL/07.mp4,11,12.864,12.896,0.55,1
datasets/gmdcsa24/Subject 2/ADL/08.mp4,1,0.032,0.144,0.799,1
datasets/gmdcsa24/Subject 2/ADL/08.mp4,2,0.032,0.064,0.738,1
datasets/gmdcsa24/Subject 2/ADL/08.mp4,5,1.472,1.504,0.698,1
datasets/gmdcsa24/Subject 2/ADL/08.mp4,5,1.872,1.952,0.601,1
datasets/gmdcsa24/Subject 2/ADL/08.mp4,5,2.016,2.24,0.741,1
datasets/gmdcsa24/Subject 2/ADL/08.mp4,5,2.352,2.384,0.557,1
datasets/gmdcsa24/Subject 2/ADL/08.mp4,5,2.416,2.48,0.607,1
datasets/gmdcsa24/Subject 2/ADL/08.mp4,5,2.512,3.648,0.761,1
datasets/gmdcsa24/Subject 2/ADL/08.mp4,5,3.824,4.8,0.67,1
datasets/gmdcsa24/Subject 2/ADL/08.mp4,5,4.832,4.864,0.702,1
datasets/gmdcsa24/Subject 2/ADL/08.mp4,6,2.176,4.048,0.734,1
datasets/gmdcsa24/Subject 2/ADL/08.mp4,6,4.864,5.792,0.724,1
datasets/gmdcsa24/Subject 2/ADL/08.mp4,7,6.064,6.096,0.552,1
datasets/gmdcsa24/Subject 2/ADL/08.mp4,7,6.24,6.304,0.654,1
datasets/gmdcsa24/Subject 2/ADL/08.mp4,7,6.608,6.672,0.649,1
datasets/gmdcsa24/Subject 2/ADL/08.mp4,7,6.736,6.768,0.644,1
datasets/gmdcsa24/Subject 2/ADL/08.mp4,7,6.944,7.2,0.7,1
datasets/gmdcsa24/Subject 2/ADL/08.mp4,7,7.264,7.376,0.646,1
datasets/gmdcsa24/Subject 2/ADL/08.mp4,7,7.536,7.744,0.623,1
datasets/gmdcsa24/Subject 2/ADL/08.mp4,7,7.936,8.352,0.637,1
datasets/gmdcsa24/Subject 2/ADL/08.mp4,7,8.48,9.856,0.808,1
datasets/gmdcsa24/Subject 2/ADL/08.mp4,7,9.888,9.92,0.704,1
datasets/gmdcsa24/Subject 2/ADL/08.mp4,7,9.984,10.048,0.749,1
datasets/gmdcsa24/Subject 2/ADL/08.mp4,9,10.352,10.496,0.816,1
datasets/gmdcsa24/Subject 2/ADL/08.mp4,9,10.528,10.72,0.758,1
datasets/gmdcsa24/Subject 2/ADL/08.mp4,9,10.784,11.056,0.783,1
datasets/gmdcsa24/Subject 2/ADL/08.mp4,9,11.12,11.184,0.618,1
datasets/gmdcsa24/Subject 2/ADL/08.mp4,9,11.392,11.664,0.731,1
datasets/gmdcsa24/Subject 2/ADL/08.mp4,9,11.696,11.856,0.653,1
datasets/gmdcsa24/Subject 2/ADL/08.mp4,9,11.936,12.4,0.612,1
datasets/gmdcsa24/Subject 2/ADL/08.mp4,9,12.832,13.328,0.633,1
datasets/gmdcsa24/Subject 2/ADL/08.mp4,9,13.408,13.408,0.6,1
datasets/gmdcsa24/Subject 2/ADL/08.mp4,12,13.632,13.632,0.569,1
datasets/gmdcsa24/Subject 2/ADL/09.mp4,1,0.032,0.128,0.763,1
datasets/gmdcsa24/Subject 2/ADL/09.mp4,1,1.616,1.808,0.782,1
datasets/gmdcsa24/Subject 2/ADL/09.mp4,3,1.616,1.648,0.683,1
datasets/gmdcsa24/Subject 2/ADL/09.mp4,6,4.128,4.592,0.847,1
datasets/gmdcsa24/Subject 2/ADL/09.mp4,9,5.264,5.392,0.745,1
datasets/gmdcsa24/Subject 2/ADL/09.mp4,9,5.536,5.6,0.709,1
datasets/gmdcsa24/Subject 2/ADL/09.mp4,9,5.664,6.032,0.84,1
datasets/gmdcsa24/Subject 2/ADL/09.mp4,9,6.064,6.16,0.774,1
datasets/gmdcsa24/Subject 2/ADL/09.mp4,9,6.432,6.864,0.794,1
datasets/gmdcsa24/Subject 2/ADL/09.mp4,9,6.896,10.928,0.83,1
datasets/gmdcsa24/Subject 2/ADL/10.mp4,7,0.896,1.632,0.819,1
datasets/gmdcsa24/Subject 2/ADL/10.mp4,7,1.728,3.68,0.619,1
datasets/gmdcsa24/Subject 2/ADL/10.mp4,8,0.992,1.104,0.672,1
datasets/gmdcsa24/Subject 2/ADL/10.mp4,8,1.136,1.36,0.68,1
datasets/gmdcsa24/Subject 2/ADL/10.mp4,8,1.6,1.632,0.675,1
datasets/gmdcsa24/Subject 2/ADL/10.mp4,8,1.664,1.664,0.578,1
datasets/gmdcsa24/Subject 2/ADL/11.mp4,8,2.544,2.816,0.653,1
datasets/gmdcsa24/Subject 2/ADL/11.mp4,8,3.04,5.248,0.783,1
datasets/gmdcsa24/Subject 2/ADL/11.mp4,8,5.696,5.792,0.684,1
datasets/gmdcsa24/Subject 2/ADL/11.mp4,8,7.776,7.776,0.63,1
datasets/gmdcsa24/Subject 2/ADL/11.mp4,11,3.616,4.96,0.826,1
datasets/gmdcsa24/Subject 2/ADL/11.mp4,14,4.512,4.848,0.724,1
datasets/gmdcsa24/Subject 2/ADL/11.mp4,14,4.88,4.992,0.65,1
datasets/gmdcsa24/Subject 2/ADL/12.mp4,2,0.528,0.961,0.808,1
datasets/gmdcsa24/Subject 2/ADL/12.mp4,2,1.04,1.104,0.643,1
datasets/gmdcsa24/Subject 2/ADL/12.mp4,2,1.136,1.232,0.785,1
datasets/gmdcsa24/Subject 2/ADL/12.mp4,2,1.264,1.632,0.793,1
datasets/gmdcsa24/Subject 2/ADL/12.mp4,2,2.336,2.448,0.626,1
datasets/gmdcsa24/Subject 2/ADL/12.mp4,2,2.48,4.288,0.865,1
datasets/gmdcsa24/Subject 2/ADL/12.mp4,2,4.321,4.512,0.855,1
datasets/gmdcsa24/Subject 2/ADL/12.mp4,2,4.592,4.784,0.792,1
datasets/gmdcsa24/Subject 2/ADL/12.mp4,2,4.816,7.568,0.857,1
datasets/gmdcsa24/Subject 2/ADL/13.mp4,1,0.096,0.672,0.632,1
datasets/gmdcsa24/Subject 2/ADL/13.mp4,4,0.8,1.008,0.822,1
datasets/gmdcsa24/Subject 2/ADL/13.mp4,4,1.936,2.0,0.71,1
datasets/gmdcsa24/Subject 2/ADL/13.mp4,6,1.568,1.6,0.578,1
datasets/gmdcsa24/Subject 2/ADL/13.mp4,6,1.68,1.712,0.559,1
datasets/gmdcsa24/Subject 2/ADL/14.mp4,5,6.48,6.544,0.676,1
datasets/gmdcsa24/Subject 2/ADL/14.mp4,5,6.672,7.952,0.894,1
datasets/gmdcsa24/Subject 2/ADL/15.mp4,2,4.736,5.472,0.728,1
datasets/gmdcsa24/Subject 2/ADL/16.mp4,2,2.288,2.352,0.676,1
datasets/gmdcsa24/Subject 2/ADL/16.mp4,2,2.416,2.752,0.697,1
datasets/gmdcsa24/Subject 2/ADL/16.mp4,2,3.008,3.344,0.651,1
datasets/gmdcsa24/Subject 2/ADL/16.mp4,2,3.424,3.824,0.656,1
datasets/gmdcsa24/Subject 2/ADL/16.mp4,3,5.36,5.424,0.582,1
datasets/gmdcsa24/Subject 2/ADL/16.mp4,3,5.888,6.016,0.739,1
datasets/gmdcsa24/Subject 2/ADL/16.mp4,3,6.224,6.832,0.779,1
datasets/gmdcsa24/Subject 2/ADL/16.mp4,3,6.96,10.096,0.87,1
datasets/gmdcsa24/Subject 2/ADL/16.mp4,3,10.304,11.376,0.839,1
datasets/gmdcsa24/Subject 2/ADL/17.mp4,1,0.064,2.064,0.832,1
datasets/gmdcsa24/Subject 2/ADL/17.mp4,5,3.2,3.28,0.63,1
datasets/gmdcsa24/Subject 2/ADL/17.mp4,5,3.344,4.08,0.747,1
datasets/gmdcsa24/Subject 2/ADL/17.mp4,5,5.152,5.344,0.724,1
datasets/gmdcsa24/Subject 2/ADL/19.mp4,3,1.136,1.136,0.674,1
datasets/gmdcsa24/Subject 2/ADL/19.mp4,5,2.0,2.0,0.713,1
datasets/gmdcsa24/Subject 2/ADL/19.mp4,6,2.144,2.336,0.802,1
datasets/gmdcsa24/Subject 2/ADL/19.mp4,7,3.616,3.872,0.823,1
datasets/gmdcsa24/Subject 2/ADL/19.mp4,7,4.08,5.552,0.795,1
datasets/gmdcsa24/Subject 2/ADL/19.mp4,7,5.616,5.888,0.713,1
datasets/gmdcsa24/Subject 2/ADL/19.mp4,11,9.552,9.824,0.73,1
datasets/gmdcsa24/Subject 2/ADL/19.mp4,11,9.968,10.032,0.71,1
datasets/gmdcsa24/Subject 2/ADL/19.mp4,11,10.224,10.896,0.821,1
datasets/gmdcsa24/Subject 2/ADL/19.mp4,11,10.96,11.104,0.765,1
datasets/gmdcsa24/Subject 2/ADL/19.mp4,11,11.168,11.296,0.691,1
datasets/gmdcsa24/Subject 2/ADL/20.mp4,4,3.008,3.088,0.778,1
datasets/gmdcsa24/Subject 2/ADL/20.mp4,6,4.88,6.096,0.882,1
datasets/gmdcsa24/Subject 2/ADL/20.mp4,6,6.16,6.56,0.759,1
datasets/gmdcsa24/Subject 2/ADL/20.mp4,6,6.688,6.752,0.794,1
datasets/gmdcsa24/Subject 2/ADL/21.mp4,3,8.752,9.216,0.679,1
datasets/gmdcsa24/Subject 2/ADL/22.mp4,1,0.128,1.744,0.778,1
datasets/gmdcsa24/Subject 2/ADL/22.mp4,1,1.808,1.808,0.611,1
datasets/gmdcsa24/Subject 2/ADL/22.mp4,4,3.008,6.08,0.864,1
datasets/gmdcsa24/Subject 2/ADL/22.mp4,9,5.68,5.952,0.706,1
datasets/gmdcsa24/Subject 2/ADL/22.mp4,9,6.144,8.224,0.867,1
datasets/gmdcsa24/Subject 2/ADL/22.mp4,9,9.296,9.552,0.687,1
datasets/gmdcsa24/Subject 2/ADL/22.mp4,9,10.288,10.56,0.694,1
datasets/gmdcsa24/Subject 2/ADL/22.mp4,11,7.344,7.344,0.613,1
datasets/gmdcsa24/Subject 2/Fall/01.mp4,3,2.032,3.552,0.839,1
datasets/gmdcsa24/Subject 2/Fall/01.mp4,3,3.648,6.32,0.789,1
datasets/gmdcsa24/Subject 2/Fall/02.mp4,2,2.016,2.048,0.653,1
datasets/gmdcsa24/Subject 2/Fall/02.mp4,2,2.144,2.176,0.565,1
datasets/gmdcsa24/Subject 2/Fall/02.mp4,5,2.992,3.024,0.646,1
datasets/gmdcsa24/Subject 2/Fall/02.mp4,5,3.36,3.392,0.603,1
datasets/gmdcsa24/Subject 2/Fall/02.mp4,5,3.424,8.416,0.875,1
datasets/gmdcsa24/Subject 2/Fall/03.mp4,1,0.032,0.08,0.717,1
datasets/gmdcsa24/Subject 2/Fall/03.mp4,2,0.08,7.008,0.85,1
datasets/gmdcsa24/Subject 2/Fall/03.mp4,3,0.976,0.976,0.732,1
datasets/gmdcsa24/Subject 2/Fall/04.mp4,1,3.92,3.952,0.611,1
datasets/gmdcsa24/Subject 2/Fall/04.mp4,1,3.984,4.016,0.675,1
datasets/gmdcsa24/Subject 2/Fall/04.mp4,1,4.08,4.288,0.871,1
datasets/gmdcsa24/Subject 2/Fall/04.mp4,1,4.32,4.56,0.736,1
datasets/gmdcsa24/Subject 2/Fall/04.mp4,1,4.656,10.176,0.878,1
datasets/gmdcsa24/Subject 2/Fall/04.mp4,4,5.728,5.728,0.687,1
datasets/gmdcsa24/Subject 2/Fall/05.mp4,4,1.952,2.208,0.878,1
datasets/gmdcsa24/Subject 2/Fall/05.mp4,4,2.448,4.496,0.884,1
datasets/gmdcsa24/Subject 2/Fall/06.mp4,1,0.336,0.336,0.618,1
datasets/gmdcsa24/Subject 2/Fall/06.mp4,7,1.216,1.248,0.603,1
datasets/gmdcsa24/Subject 2/Fall/06.mp4,7,1.376,1.472,0.605,1
datasets/gmdcsa24/Subject 2/Fall/06.mp4,7,1.616,1.984,0.736,1
datasets/gmdcsa24/Subject 2/Fall/06.mp4,9,2.992,3.152,0.794,1
datasets/gmdcsa24/Subject 2/Fall/06.mp4,9,3.184,3.984,0.864,1
datasets/gmdcsa24/Subject 2/Fall/06.mp4,14,4.128,4.256,0.635,1
datasets/gmdcsa24/Subject 2/Fall/06.mp4,14,4.32,4.384,0.673,1
datasets/gmdcsa24/Subject 2/Fall/06.mp4,14,4.496,6.464,0.754,1
datasets/gmdcsa24/Subject 2/Fall/07.mp4,4,0.512,0.736,0.749,1
datasets/gmdcsa24/Subject 2/Fall/07.mp4,6,2.144,2.176,0.659,1
datasets/gmdcsa24/Subject 2/Fall/07.mp4,6,2.24,2.416,0.652,1
datasets/gmdcsa24/Subject 2/Fall/07.mp4,6,2.544,2.608,0.779,1
datasets/gmdcsa24/Subject 2/Fall/07.mp4,7,2.48,2.576,0.734,1
datasets/gmdcsa24/Subject 2/Fall/07.mp4,7,2.784,4.496,0.843,1
datasets/gmdcsa24/Subject 2/Fall/08.mp4,5,0.304,0.465,0.716,1
datasets/gmdcsa24/Subject 2/Fall/08.mp4,5,0.544,0.976,0.717,1
datasets/gmdcsa24/Subject 2/Fall/08.mp4,5,1.168,1.312,0.769,1
datasets/gmdcsa24/Subject 2/Fall/08.mp4,5,1.504,1.984,0.68,1
datasets/gmdcsa24/Subject 2/Fall/08.mp4,6,0.672,0.704,0.586,1
datasets/gmdcsa24/Subject 2/Fall/08.mp4,6,1.376,1.936,0.59,1
datasets/gmdcsa24/Subject 2/Fall/08.mp4,6,2.048,2.208,0.765,1
datasets/gmdcsa24/Subject 2/Fall/08.mp4,6,2.32,2.544,0.737,1
datasets/gmdcsa24/Subject 2/Fall/08.mp4,6,2.608,3.12,0.601,1
datasets/gmdcsa24/Subject 2/Fall/08.mp4,6,3.152,6.032,0.901,1
datasets/gmdcsa24/Subject 2/Fall/09.mp4,1,1.04,1.136,0.655,1
datasets/gmdcsa24/Subject 2/Fall/09.mp4,1,1.648,2.448,0.609,1
datasets/gmdcsa24/Subject 2/Fall/09.mp4,1,2.48,2.512,0.685,1
datasets/gmdcsa24/Subject 2/Fall/09.mp4,3,2.208,2.448,0.713,1
datasets/gmdcsa24/Subject 2/Fall/09.mp4,3,2.512,3.056,0.854,1
datasets/gmdcsa24/Subject 2/Fall/09.mp4,3,3.088,3.152,0.618,1
datasets/gmdcsa24/Subject 2/Fall/09.mp4,3,3.28,5.568,0.843,1
datasets/gmdcsa24/Subject 2/Fall/09.mp4,8,5.088,5.568,0.711,1
datasets/gmdcsa24/Subject 2/Fall/10.mp4,6,3.28,11.104,0.888,1
datasets/gmdcsa24/Subject 2/Fall/11.mp4,2,0.528,0.8,0.635,1
datasets/gmdcsa24/Subject 2/Fall/11.mp4,4,1.6,1.6,0.73,1
datasets/gmdcsa24/Subject 2/Fall/11.mp4,5,3.136,4.944,0.721,1
datasets/gmdcsa24/Subject 2/Fall/11.mp4,5,5.008,5.344,0.666,1
datasets/gmdcsa24/Subject 2/Fall/11.mp4,5,5.872,6.208,0.733,1
datasets/gmdcsa24/Subject 2/Fall/11.mp4,5,6.272,6.352,0.684,1
datasets/gmdcsa24/Subject 2/Fall/11.mp4,5,6.416,6.608,0.618,1
datasets/gmdcsa24/Subject 2/Fall/11.mp4,8,6.816,10.56,0.847,1
datasets/gmdcsa24/Subject 2/Fall/12.mp4,5,7.28,7.36,0.657,1
datasets/gmdcsa24/Subject 2/Fall/12.mp4,6,8.16,8.224,0.73,1
datasets/gmdcsa24/Subject 2/Fall/12.mp4,6,8.288,12.224,0.836,1
datasets/gmdcsa24/Subject 2/Fall/13.mp4,6,3.808,8.816,0.901,1
datasets/gmdcsa24/Subject 2/Fall/14.mp4,1,3.488,3.488,0.757,1
datasets/gmdcsa24/Subject 2/Fall/15.mp4,1,6.864,6.912,0.576,1
datasets/gmdcsa24/Subject 2/Fall/15.mp4,1,6.944,7.2,0.697,1
datasets/gmdcsa24/Subject 2/Fall/15.mp4,1,7.28,7.312,0.608,1
datasets/gmdcsa24/Subject 2/Fall/15.mp4,2,8.112,11.632,0.898,1
datasets/gmdcsa24/Subject 2/Fall/16.mp4,1,1.504,1.808,0.82,1
datasets/gmdcsa24/Subject 2/Fall/16.mp4,2,1.44,1.712,0.616,1
datasets/gmdcsa24/Subject 2/Fall/16.mp4,3,1.84,2.304,0.69,1
datasets/gmdcsa24/Subject 2/Fall/16.mp4,3,2.576,2.608,0.629,1
datasets/gmdcsa24/Subject 2/Fall/16.mp4,4,1.872,3.984,0.814,1
datasets/gmdcsa24/Subject 2/Fall/17.mp4,3,2.992,3.792,0.84,1
datasets/gmdcsa24/Subject 2/Fall/17.mp4,3,3.856,6.464,0.774,1
datasets/gmdcsa24/Subject 2/Fall/17.mp4,4,3.552,4.064,0.658,1
datasets/gmdcsa24/Subject 2/Fall/18.mp4,5,2.72,2.816,0.618,1
datasets/gmdcsa24/Subject 2/Fall/18.mp4,5,3.312,3.488,0.589,1
datasets/gmdcsa24/Subject 2/Fall/18.mp4,8,3.408,3.552,0.562,1
datasets/gmdcsa24/Subject 2/Fall/18.mp4,9,9.744,10.224,0.675,1
datasets/gmdcsa24/Subject 2/Fall/18.mp4,9,10.624,11.52,0.889,1
datasets/gmdcsa24/Subject 2/Fall/19.mp4,1,0.336,0.448,0.573,1
datasets/gmdcsa24/Subject 2/Fall/19.mp4,3,6.544,6.608,0.576,1
datasets/gmdcsa24/Subject 2/Fall/19.mp4,3,6.976,7.04,0.739,1
datasets/gmdcsa24/Subject 2/Fall/19.mp4,3,7.504,7.84,0.69,1
datasets/gmdcsa24/Subject 2/Fall/19.mp4,3,8.688,15.488,0.896,1
datasets/gmdcsa24/Subject 2/Fall/19.mp4,5,6.976,9.392,0.594,1
datasets/gmdcsa24/Subject 2/Fall/19.mp4,5,9.424,9.424,0.609,1
datasets/gmdcsa24/Subject 2/Fall/20.mp4,1,0.034,0.208,0.551,1
datasets/gmdcsa24/Subject 2/Fall/20.mp4,2,8.208,8.784,0.845,1
datasets/gmdcsa24/Subject 2/Fall/20.mp4,4,8.944,9.12,0.749,1
datasets/gmdcsa24/Subject 2/Fall/20.mp4,5,9.152,11.424,0.77,1
datasets/gmdcsa24/Subject 2/Fall/21.mp4,1,6.736,9.456,0.875,1
datasets/gmdcsa24/Subject 2/Fall/22.mp4,3,1.616,1.776,0.636,1
datasets/gmdcsa24/Subject 2/Fall/22.mp4,3,1.952,5.168,0.861,1
datasets/gmdcsa24/Subject 2/Fall/23.mp4,1,4.224,7.505,0.879,1
datasets/gmdcsa24/Subject 2/Fall/24.mp4,1,0.128,0.368,0.654,1
datasets/gmdcsa24/Subject 2/Fall/24.mp4,1,0.4,1.04,0.834,1
datasets/gmdcsa24/Subject 2/Fall/24.mp4,4,3.745,3.776,0.651,1
datasets/gmdcsa24/Subject 2/Fall/24.mp4,8,4.384,4.416,0.762,1
datasets/gmdcsa24/Subject 2/Fall/24.mp4,8,4.512,7.104,0.792,1
datasets/gmdcsa24/Subject 2/Fall/25.mp4,1,0.033,1.04,0.71,1
datasets/gmdcsa24/Subject 2/Fall/25.mp4,1,1.072,1.104,0.593,1
datasets/gmdcsa24/Subject 2/Fall/25.mp4,1,1.137,1.168,0.552,1
datasets/gmdcsa24/Subject 2/Fall/25.mp4,4,3.985,7.265,0.846,1
datasets/gmdcsa24/Subject 3/ADL/02.mp4,3,7.6,7.664,0.625,1
datasets/gmdcsa24/Subject 3/ADL/02.mp4,3,7.712,8.08,0.613,1
datasets/gmdcsa24/Subject 3/ADL/02.mp4,3,8.48,8.48,0.679,1
datasets/gmdcsa24/Subject 3/ADL/03.mp4,1,0.032,3.024,0.897,1
datasets/gmdcsa24/Subject 3/ADL/03.mp4,1,3.184,3.296,0.623,1
datasets/gmdcsa24/Subject 3/ADL/03.mp4,2,3.488,3.664,0.807,1
datasets/gmdcsa24/Subject 3/ADL/03.mp4,2,3.696,4.32,0.719,1
datasets/gmdcsa24/Subject 3/ADL/03.mp4,2,4.4,4.8,0.653,1
datasets/gmdcsa24/Subject 3/ADL/03.mp4,3,5.472,6.464,0.787,1
datasets/gmdcsa24/Subject 3/ADL/04.mp4,3,0.592,0.864,0.784,1
datasets/gmdcsa24/Subject 3/ADL/04.mp4,3,1.696,1.728,0.565,1
datasets/gmdcsa24/Subject 3/ADL/04.mp4,3,1.936,2.064,0.675,1
datasets/gmdcsa24/Subject 3/ADL/04.mp4,3,2.304,2.912,0.761,1
datasets/gmdcsa24/Subject 3/ADL/04.mp4,5,0.656,2.672,0.803,1
datasets/gmdcsa24/Subject 3/ADL/04.mp4,5,2.704,2.768,0.619,1
datasets/gmdcsa24/Subject 3/ADL/04.mp4,5,2.8,2.976,0.677,1
datasets/gmdcsa24/Subject 3/ADL/04.mp4,5,3.008,3.04,0.701,1
datasets/gmdcsa24/Subject 3/ADL/04.mp4,9,4.912,5.984,0.808,1
datasets/gmdcsa24/Subject 3/ADL/04.mp4,19,9.984,9.984,0.558,1
datasets/gmdcsa24/Subject 3/ADL/05.mp4,1,0.112,0.112,0.553,1
datasets/gmdcsa24/Subject 3/ADL/05.mp4,2,0.368,0.4,0.831,1
datasets/gmdcsa24/Subject 3/ADL/05.mp4,3,1.809,1.888,0.637,1
datasets/gmdcsa24/Subject 3/ADL/05.mp4,3,2.384,3.184,0.68,1
datasets/gmdcsa24/Subject 3/ADL/05.mp4,3,3.616,4.368,0.573,1
datasets/gmdcsa24/Subject 3/ADL/05.mp4,3,4.8,4.832,0.562,1
datasets/gmdcsa24/Subject 3/ADL/05.mp4,3,5.056,5.136,0.806,1
datasets/gmdcsa24/Subject 3/ADL/05.mp4,4,3.456,3.52,0.859,1
datasets/gmdcsa24/Subject 3/ADL/06.mp4,1,0.032,1.568,0.851,1
datasets/gmdcsa24/Subject 3/ADL/06.mp4,1,1.6,1.633,0.569,1
datasets/gmdcsa24/Subject 3/ADL/06.mp4,1,1.696,2.208,0.787,1
datasets/gmdcsa24/Subject 3/ADL/06.mp4,1,2.272,2.544,0.829,1
datasets/gmdcsa24/Subject 3/ADL/06.mp4,2,1.872,2.272,0.707,1
datasets/gmdcsa24/Subject 3/ADL/06.mp4,2,3.808,4.016,0.807,1
datasets/gmdcsa24/Subject 3/ADL/06.mp4,2,4.048,4.848,0.821,1
datasets/gmdcsa24/Subject 3/ADL/06.mp4,2,4.88,5.248,0.597,1
datasets/gmdcsa24/Subject 3/ADL/06.mp4,2,5.296,6.256,0.686,1
datasets/gmdcsa24/Subject 3/ADL/06.mp4,2,6.288,6.368,0.639,1
datasets/gmdcsa24/Subject 3/ADL/06.mp4,2,6.4,6.896,0.871,1
datasets/gmdcsa24/Subject 3/ADL/06.mp4,2,6.928,6.992,0.743,1
datasets/gmdcsa24/Subject 3/ADL/06.mp4,2,7.025,7.44,0.814,1
datasets/gmdcsa24/Subject 3/ADL/06.mp4,2,8.096,8.144,0.718,1
datasets/gmdcsa24/Subject 3/ADL/06.mp4,2,8.176,8.24,0.564,1
datasets/gmdcsa24/Subject 3/ADL/06.mp4,2,8.272,8.704,0.736,1
datasets/gmdcsa24/Subject 3/ADL/06.mp4,2,8.736,8.768,0.688,1
datasets/gmdcsa24/Subject 3/ADL/06.mp4,4,3.408,5.888,0.837,1
datasets/gmdcsa24/Subject 3/ADL/07.mp4,3,1.216,1.248,0.58,1
datasets/gmdcsa24/Subject 3/ADL/08.mp4,2,0.24,0.8,0.842,1
datasets/gmdcsa24/Subject 3/ADL/08.mp4,2,0.832,4.864,0.893,1
datasets/gmdcsa24/Subject 3/ADL/09.mp4,1,0.032,2.72,0.893,1
datasets/gmdcsa24/Subject 3/ADL/09.mp4,1,2.752,5.024,0.909,1
datasets/gmdcsa24/Subject 3/ADL/09.mp4,1,5.072,5.104,0.609,1
datasets/gmdcsa24/Subject 3/ADL/09.mp4,1,5.264,6.096,0.813,1
datasets/gmdcsa24/Subject 3/ADL/10.mp4,2,0.736,0.816,0.559,1
datasets/gmdcsa24/Subject 3/ADL/10.mp4,2,0.848,0.88,0.636,1
datasets/gmdcsa24/Subject 3/ADL/10.mp4,2,0.912,1.92,0.779,1
datasets/gmdcsa24/Subject 3/ADL/10.mp4,2,1.952,2.288,0.76,1
datasets/gmdcsa24/Subject 3/ADL/10.mp4,2,2.512,2.624,0.572,1
datasets/gmdcsa24/Subject 3/ADL/10.mp4,2,2.656,11.872,0.84,1
datasets/gmdcsa24/Subject 3/ADL/10.mp4,2,11.904,12.064,0.585,1
datasets/gmdcsa24/Subject 3/ADL/10.mp4,2,12.096,12.4,0.775,1
datasets/gmdcsa24/Subject 3/ADL/11.mp4,1,0.033,2.336,0.749,1
datasets/gmdcsa24/Subject 3/ADL/12.mp4,1,0.067,0.08,0.605,1
datasets/gmdcsa24/Subject 3/ADL/12.mp4,1,0.144,1.28,0.728,1
datasets/gmdcsa24/Subject 3/ADL/12.mp4,6,7.696,7.76,0.6,1
datasets/gmdcsa24/Subject 3/ADL/12.mp4,6,8.096,9.696,0.688,1
datasets/gmdcsa24/Subject 3/ADL/12.mp4,6,10.16,10.432,0.819,1
datasets/gmdcsa24/Subject 3/ADL/12.mp4,6,10.496,10.64,0.705,1
datasets/gmdcsa24/Subject 3/ADL/13.mp4,2,0.8,0.928,0.844,1
datasets/gmdcsa24/Subject 3/ADL/13.mp4,2,0.992,3.264,0.83,1
datasets/gmdcsa24/Subject 3/ADL/13.mp4,2,3.328,3.664,0.609,1
datasets/gmdcsa24/Subject 3/ADL/13.mp4,4,4.272,4.336,0.617,1
datasets/gmdcsa24/Subject 3/ADL/13.mp4,4,4.4,7.072,0.768,1
datasets/gmdcsa24/Subject 3/ADL/13.mp4,4,7.152,7.552,0.782,1
datasets/gmdcsa24/Subject 3/ADL/13.mp4,4,7.616,8.144,0.773,1
datasets/gmdcsa24/Subject 3/ADL/13.mp4,4,8.288,8.288,0.786,1
datasets/gmdcsa24/Subject 3/ADL/13.mp4,10,8.608,8.608,0.582,1
datasets/gmdcsa24/Subject 3/ADL/14.mp4,4,2.08,2.48,0.832,1
datasets/gmdcsa24/Subject 3/ADL/14.mp4,4,2.544,3.28,0.754,1
datasets/gmdcsa24/Subject 3/ADL/14.mp4,4,3.344,4.48,0.823,1
datasets/gmdcsa24/Subject 3/ADL/14.mp4,8,4.816,5.024,0.731,1
datasets/gmdcsa24/Subject 3/ADL/14.mp4,8,5.216,5.488,0.798,1
datasets/gmdcsa24/Subject 3/ADL/14.mp4,8,5.616,8.832,0.839,1
datasets/gmdcsa24/Subject 3/ADL/14.mp4,10,6.08,6.16,0.577,1
datasets/gmdcsa24/Subject 3/ADL/14.mp4,10,6.288,6.416,0.701,1
datasets/gmdcsa24/Subject 3/ADL/14.mp4,10,6.688,6.752,0.729,1
datasets/gmdcsa24/Subject 3/ADL/14.mp4,10,6.816,8.688,0.864,1
datasets/gmdcsa24/Subject 3/ADL/15.mp4,1,0.067,0.208,0.597,1
datasets/gmdcsa24/Subject 3/ADL/15.mp4,1,0.416,0.736,0.684,1
datasets/gmdcsa24/Subject 3/ADL/15.mp4,1,2.08,2.208,0.622,1
datasets/gmdcsa24/Subject 3/ADL/15.mp4,1,3.616,6.56,0.685,1
datasets/gmdcsa24/Subject 3/ADL/15.mp4,6,7.296,7.296,0.648,1
datasets/gmdcsa24/Subject 3/ADL/16.mp4,1,0.8,0.832,0.552,1
datasets/gmdcsa24/Subject 3/ADL/16.mp4,1,1.504,1.984,0.686,1
datasets/gmdcsa24/Subject 3/ADL/16.mp4,1,2.016,2.048,0.618,1
datasets/gmdcsa24/Subject 3/ADL/16.mp4,1,2.144,2.208,0.583,1
datasets/gmdcsa24/Subject 3/ADL/16.mp4,1,2.848,2.88,0.592,1
datasets/gmdcsa24/Subject 3/ADL/16.mp4,1,4.192,4.224,0.568,1
datasets/gmdcsa24/Subject 3/ADL/16.mp4,3,5.824,6.032,0.661,1
datasets/gmdcsa24/Subject 3/ADL/17.mp4,2,2.272,3.472,0.773,1
datasets/gmdcsa24/Subject 3/ADL/17.mp4,2,3.536,3.744,0.753,1
datasets/gmdcsa24/Subject 3/ADL/20.mp4,9,6.624,6.753,0.62,1
datasets/gmdcsa24/Subject 3/ADL/20.mp4,9,7.616,8.896,0.725,1
datasets/gmdcsa24/Subject 3/ADL/21.mp4,5,1.84,2.512,0.814,1
datasets/gmdcsa24/Subject 3/ADL/21.mp4,5,2.544,2.72,0.789,1
datasets/gmdcsa24/Subject 3/ADL/21.mp4,5,2.784,2.88,0.713,1
datasets/gmdcsa24/Subject 3/ADL/21.mp4,5,3.024,3.248,0.727,1
datasets/gmdcsa24/Subject 3/ADL/21.mp4,5,5.456,5.504,0.631,1
datasets/gmdcsa24/Subject 3/ADL/21.mp4,5,5.568,5.6,0.633,1
datasets/gmdcsa24/Subject 3/ADL/21.mp4,5,5.664,5.904,0.695,1
datasets/gmdcsa24/Subject 3/ADL/21.mp4,5,6.208,6.272,0.573,1
datasets/gmdcsa24/Subject 3/ADL/21.mp4,5,6.304,6.4,0.569,1
datasets/gmdcsa24/Subject 3/ADL/21.mp4,5,6.528,6.64,0.57,1
datasets/gmdcsa24/Subject 3/ADL/21.mp4,5,6.672,6.736,0.59,1
datasets/gmdcsa24/Subject 3/ADL/21.mp4,5,6.864,7.136,0.636,1
datasets/gmdcsa24/Subject 3/ADL/21.mp4,5,7.168,8.144,0.752,1
datasets/gmdcsa24/Subject 3/ADL/21.mp4,5,8.176,8.272,0.568,1
datasets/gmdcsa24/Subject 3/ADL/21.mp4,5,8.512,8.64,0.601,1
datasets/gmdcsa24/Subject 3/ADL/21.mp4,5,8.944,9.52,0.73,1
datasets/gmdcsa24/Subject 3/ADL/21.mp4,5,9.744,9.792,0.574,1
datasets/gmdcsa24/Subject 3/ADL/21.mp4,5,10.048,10.192,0.581,1
datasets/gmdcsa24/Subject 3/ADL/22.mp4,2,2.017,2.08,0.587,1
datasets/gmdcsa24/Subject 3/Fall/01.mp4,3,0.16,1.264,0.863,1
datasets/gmdcsa24/Subject 3/Fall/01.mp4,3,1.312,1.968,0.793,1
datasets/gmdcsa24/Subject 3/Fall/01.mp4,6,2.048,2.208,0.736,1
datasets/gmdcsa24/Subject 3/Fall/01.mp4,6,2.304,2.336,0.567,1
datasets/gmdcsa24/Subject 3/Fall/01.mp4,6,2.384,2.416,0.569,1
datasets/gmdcsa24/Subject 3/Fall/01.mp4,6,2.816,3.088,0.586,1
datasets/gmdcsa24/Subject 3/Fall/01.mp4,6,3.184,3.248,0.567,1
datasets/gmdcsa24/Subject 3/Fall/01.mp4,6,3.52,3.552,0.59,1
datasets/gmdcsa24/Subject 3/Fall/01.mp4,6,3.744,3.776,0.563,1
datasets/gmdcsa24/Subject 3/Fall/01.mp4,8,2.176,2.816,0.844,1
datasets/gmdcsa24/Subject 3/Fall/01.mp4,8,2.848,3.312,0.784,1
datasets/gmdcsa24/Subject 3/Fall/01.mp4,8,3.344,3.376,0.744,1
datasets/gmdcsa24/Subject 3/Fall/01.mp4,8,3.408,3.712,0.775,1
datasets/gmdcsa24/Subject 3/Fall/02.mp4,1,0.208,0.24,0.606,1
datasets/gmdcsa24/Subject 3/Fall/02.mp4,3,2.912,3.28,0.798,1
datasets/gmdcsa24/Subject 3/Fall/02.mp4,3,3.36,3.648,0.799,1
datasets/gmdcsa24/Subject 3/Fall/02.mp4,3,3.696,6.528,0.881,1
datasets/gmdcsa24/Subject 3/Fall/03.mp4,8,1.952,1.984,0.652,1
datasets/gmdcsa24/Subject 3/Fall/03.mp4,9,2.176,2.688,0.849,1
datasets/gmdcsa24/Subject 3/Fall/03.mp4,12,2.752,5.568,0.824,1
datasets/gmdcsa24/Subject 3/Fall/04.mp4,1,0.033,0.033,0.582,1
datasets/gmdcsa24/Subject 3/Fall/04.mp4,5,1.072,1.472,0.573,1
datasets/gmdcsa24/Subject 3/Fall/04.mp4,5,1.569,1.6,0.563,1
datasets/gmdcsa24/Subject 3/Fall/04.mp4,12,2.08,5.424,0.848,1
datasets/gmdcsa24/Subject 3/Fall/05.mp4,2,3.041,9.584,0.789,1
datasets/gmdcsa24/Subject 3/Fall/05.mp4,3,3.456,3.616,0.827,1
datasets/gmdcsa24/Subject 3/Fall/05.mp4,3,3.952,4.048,0.78,1
datasets/gmdcsa24/Subject 3/Fall/05.mp4,5,3.92,3.92,0.771,1
datasets/gmdcsa24/Subject 3/Fall/05.mp4,6,4.112,4.992,0.857,1
datasets/gmdcsa24/Subject 3/Fall/05.mp4,6,5.056,10.016,0.869,1
datasets/gmdcsa24/Subject 3/Fall/06.mp4,1,0.064,0.368,0.828,1
datasets/gmdcsa24/Subject 3/Fall/06.mp4,1,0.4,1.104,0.841,1
datasets/gmdcsa24/Subject 3/Fall/06.mp4,1,1.168,5.52,0.848,1
datasets/gmdcsa24/Subject 3/Fall/07.mp4,4,1.488,1.888,0.896,1
datasets/gmdcsa24/Subject 3/Fall/07.mp4,4,1.92,2.416,0.824,1
datasets/gmdcsa24/Subject 3/Fall/07.mp4,4,2.449,3.888,0.794,1
datasets/gmdcsa24/Subject 3/Fall/07.mp4,6,2.449,3.728,0.871,1
datasets/gmdcsa24/Subject 3/Fall/07.mp4,6,3.824,6.848,0.828,1
datasets/gmdcsa24/Subject 3/Fall/07.mp4,6,6.88,8.96,0.823,1
datasets/gmdcsa24/Subject 3/Fall/07.mp4,6,8.992,8.992,0.772,1
datasets/gmdcsa24/Subject 3/Fall/08.mp4,1,0.034,0.128,0.701,1
datasets/gmdcsa24/Subject 3/Fall/08.mp4,2,0.4,0.528,0.788,1
datasets/gmdcsa24/Subject 3/Fall/08.mp4,2,0.8,6.304,0.885,1
datasets/gmdcsa24/Subject 3/Fall/08.mp4,5,2.784,2.976,0.741,1
datasets/gmdcsa24/Subject 3/Fall/08.mp4,5,3.216,5.52,0.776,1
datasets/gmdcsa24/Subject 3/Fall/09.mp4,3,3.04,3.136,0.696,1
datasets/gmdcsa24/Subject 3/Fall/09.mp4,3,3.216,3.248,0.694,1
datasets/gmdcsa24/Subject 3/Fall/09.mp4,3,3.28,3.344,0.608,1
datasets/gmdcsa24/Subject 3/Fall/09.mp4,4,3.584,6.192,0.874,1
datasets/gmdcsa24/Subject 3/Fall/10.mp4,1,0.032,0.512,0.791,1
datasets/gmdcsa24/Subject 3/Fall/10.mp4,1,0.544,0.64,0.769,1
datasets/gmdcsa24/Subject 3/Fall/10.mp4,1,0.672,1.168,0.772,1
datasets/gmdcsa24/Subject 3/Fall/10.mp4,1,1.28,1.312,0.564,1
datasets/gmdcsa24/Subject 3/Fall/10.mp4,4,1.712,2.176,0.832,1
datasets/gmdcsa24/Subject 3/Fall/10.mp4,6,2.416,4.32,0.763,1
datasets/gmdcsa24/Subject 3/Fall/10.mp4,9,3.616,4.192,0.706,1
datasets/gmdcsa24/Subject 3/Fall/10.mp4,9,4.224,4.352,0.636,1
datasets/gmdcsa24/Subject 3/Fall/11.mp4,1,5.632,5.696,0.703,1
datasets/gmdcsa24/Subject 3/Fall/11.mp4,1,5.808,5.84,0.665,1
datasets/gmdcsa24/Subject 3/Fall/11.mp4,2,6.032,6.24,0.699,1
datasets/gmdcsa24/Subject 3/Fall/11.mp4,2,6.432,6.512,0.554,1
datasets/gmdcsa24/Subject 3/Fall/12.mp4,1,0.128,0.16,0.597,1
datasets/gmdcsa24/Subject 3/Fall/12.mp4,2,0.864,0.928,0.557,1
datasets/gmdcsa24/Subject 3/Fall/12.mp4,2,1.2,1.296,0.634,1
datasets/gmdcsa24/Subject 3/Fall/12.mp4,2,1.568,2.304,0.859,1
datasets/gmdcsa24/Subject 3/Fall/12.mp4,5,2.0,2.0,0.641,1
datasets/gmdcsa24/Subject 3/Fall/12.mp4,7,2.512,2.608,0.779,1
datasets/gmdcsa24/Subject 3/Fall/12.mp4,7,2.672,4.208,0.838,1
datasets/gmdcsa24/Subject 3/Fall/13.mp4,1,0.128,1.328,0.703,1
datasets/gmdcsa24/Subject 3/Fall/13.mp4,1,1.376,1.44,0.638,1
datasets/gmdcsa24/Subject 3/Fall/13.mp4,1,1.568,1.696,0.748,1
datasets/gmdcsa24/Subject 3/Fall/13.mp4,1,1.744,1.776,0.584,1
datasets/gmdcsa24/Subject 3/Fall/13.mp4,1,1.84,1.872,0.574,1
datasets/gmdcsa24/Subject 3/Fall/13.mp4,1,1.904,2.208,0.644,1
datasets/gmdcsa24/Subject 3/Fall/13.mp4,1,2.48,2.912,0.621,1
datasets/gmdcsa24/Subject 3/Fall/13.mp4,1,2.945,3.28,0.721,1
datasets/gmdcsa24/Subject 3/Fall/13.mp4,1,3.472,3.745,0.733,1
datasets/gmdcsa24/Subject 3/Fall/13.mp4,1,3.776,3.92,0.76,1
datasets/gmdcsa24/Subject 3/Fall/13.mp4,1,3.952,4.016,0.741,1
datasets/gmdcsa24/Subject 3/Fall/13.mp4,2,0.16,0.224,0.586,1
datasets/gmdcsa24/Subject 3/Fall/13.mp4,2,1.472,4.016,0.859,1
datasets/gmdcsa24/Subject 3/Fall/14.mp4,1,0.034,0.034,0.606,1
datasets/gmdcsa24/Subject 3/Fall/14.mp4,3,0.176,0.24,0.786,1
datasets/gmdcsa24/Subject 3/Fall/14.mp4,3,0.304,0.608,0.813,1
datasets/gmdcsa24/Subject 3/Fall/14.mp4,4,1.008,1.312,0.829,1
datasets/gmdcsa24/Subject 3/Fall/14.mp4,4,1.744,1.744,0.619,1
datasets/gmdcsa24/Subject 3/Fall/14.mp4,9,2.48,2.72,0.742,1
datasets/gmdcsa24/Subject 3/Fall/14.mp4,9,3.184,4.592,0.642,1
datasets/gmdcsa24/Subject 3/Fall/14.mp4,9,4.928,5.168,0.604,1
datasets/gmdcsa24/Subject 3/Fall/14.mp4,9,6.48,9.12,0.725,1
datasets/gmdcsa24/Subject 3/Fall/14.mp4,9,9.28,9.76,0.637,1
datasets/gmdcsa24/Subject 3/Fall/14.mp4,9,10.16,10.192,0.745,1
datasets/gmdcsa24/Subject 3/Fall/14.mp4,9,10.224,10.768,0.682,1
datasets/gmdcsa24/Subject 3/Fall/14.mp4,9,10.8,11.504,0.708,1
datasets/gmdcsa24/Subject 3/Fall/14.mp4,9,11.84,11.872,0.633,1
datasets/gmdcsa24/Subject 3/Fall/14.mp4,9,11.936,11.936,0.576,1
datasets/gmdcsa24/Subject 3/Fall/14.mp4,13,3.632,3.729,0.704,1
datasets/gmdcsa24/Subject 3/Fall/14.mp4,16,5.04,5.104,0.625,1
datasets/gmdcsa24/Subject 3/Fall/14.mp4,16,6.672,6.704,0.76,1
datasets/gmdcsa24/Subject 3/Fall/14.mp4,17,5.808,5.84,0.553,1
datasets/gmdcsa24/Subject 3/Fall/14.mp4,17,5.872,7.44,0.812,1
datasets/gmdcsa24/Subject 3/Fall/14.mp4,17,7.744,8.016,0.653,1
datasets/gmdcsa24/Subject 3/Fall/14.mp4,20,8.912,8.992,0.59,1
datasets/gmdcsa24/Subject 3/Fall/14.mp4,20,9.088,9.088,0.815,1
datasets/gmdcsa24/Subject 3/Fall/14.mp4,21,8.992,9.056,0.821,1
datasets/gmdcsa24/Subject 3/Fall/14.mp4,22,9.152,9.36,0.731,1
datasets/gmdcsa24/Subject 3/Fall/14.mp4,22,9.392,9.792,0.83,1
datasets/gmdcsa24/Subject 3/Fall/14.mp4,22,9.92,12.272,0.805,1
datasets/gmdcsa24/Subject 3/Fall/15.mp4,1,3.008,5.008,0.901,1
datasets/gmdcsa24/Subject 3/Fall/15.mp4,1,5.088,5.216,0.592,1
datasets/gmdcsa24/Subject 3/Fall/15.mp4,1,5.552,5.616,0.788,1
datasets/gmdcsa24/Subject 3/Fall/15.mp4,2,5.28,5.488,0.685,1
datasets/gmdcsa24/Subject 3/Fall/16.mp4,2,2.608,6.016,0.849,1
datasets/gmdcsa24/Subject 3/Fall/17.mp4,2,1.728,1.936,0.797,1
datasets/gmdcsa24/Subject 3/Fall/17.mp4,3,2.464,2.736,0.657,1
datasets/gmdcsa24/Subject 3/Fall/17.mp4,3,2.864,3.136,0.622,1
datasets/gmdcsa24/Subject 3/Fall/17.mp4,3,3.744,3.808,0.607,1
datasets/gmdcsa24/Subject 3/Fall/17.mp4,3,4.48,4.672,0.651,1
datasets/gmdcsa24/Subject 3/Fall/17.mp4,3,4.816,4.88,0.562,1
datasets/gmdcsa24/Subject 3/Fall/17.mp4,3,5.28,5.808,0.612,1
datasets/gmdcsa24/Subject 3/Fall/17.mp4,3,6.208,6.545,0.598,1
datasets/gmdcsa24/Subject 3/Fall/17.mp4,3,6.88,6.945,0.666,1
datasets/gmdcsa24/Subject 3/Fall/17.mp4,3,7.008,7.216,0.607,1
datasets/gmdcsa24/Subject 3/Fall/17.mp4,3,7.345,7.424,0.596,1
datasets/gmdcsa24/Subject 3/Fall/17.mp4,3,7.488,7.552,0.628,1
datasets/gmdcsa24/Subject 3/Fall/17.mp4,3,7.952,8.08,0.622,1
datasets/gmdcsa24/Subject 3/Fall/18.mp4,1,0.067,0.8,0.806,1
datasets/gmdcsa24/Subject 3/Fall/18.mp4,1,0.944,1.408,0.79,1
datasets/gmdcsa24/Subject 3/Fall/18.mp4,1,1.616,2.272,0.771,1
datasets/gmdcsa24/Subject 3/Fall/18.mp4,1,3.344,4.352,0.783,1
datasets/gmdcsa24/Subject 3/Fall/18.mp4,2,5.152,5.216,0.689,1
datasets/gmdcsa24/Subject 3/Fall/18.mp4,5,5.68,5.76,0.735,1
datasets/gmdcsa24/Subject 3/Fall/18.mp4,6,6.96,7.024,0.633,1
datasets/gmdcsa24/Subject 3/Fall/18.mp4,7,7.296,11.84,0.903,1
datasets/gmdcsa24/Subject 3/Fall/19.mp4,3,3.808,3.888,0.815,1
datasets/gmdcsa24/Subject 3/Fall/19.mp4,5,4.544,5.68,0.826,1
datasets/gmdcsa24/Subject 3/Fall/20.mp4,1,2.528,3.344,0.764,1
datasets/gmdcsa24/Subject 3/Fall/20.mp4,1,3.408,6.208,0.879,1
datasets/gmdcsa24/Subject 3/Fall/21.mp4,3,5.696,5.92,0.66,1
datasets/gmdcsa24/Subject 3/Fall/21.mp4,3,6.064,6.224,0.701,1
datasets/gmdcsa24/Subject 3/Fall/21.mp4,3,6.336,6.592,0.823,1
datasets/gmdcsa24/Subject 3/Fall/21.mp4,6,6.288,6.288,0.743,1
datasets/gmdcsa24/Subject 3/Fall/21.mp4,7,6.768,9.136,0.9,1
datasets/gmdcsa24/Subject 4/ADL/01.mp4,1,0.032,1.248,0.851,1
datasets/gmdcsa24/Subject 4/ADL/01.mp4,1,1.28,1.808,0.827,1
datasets/gmdcsa24/Subject 4/ADL/01.mp4,1,1.888,2.08,0.807,1
datasets/gmdcsa24/Subject 4/ADL/01.mp4,1,2.112,5.84,0.863,1
datasets/gmdcsa24/Subject 4/ADL/01.mp4,1,5.872,6.032,0.721,1
datasets/gmdcsa24/Subject 4/ADL/01.mp4,1,6.064,6.432,0.749,1
datasets/gmdcsa24/Subject 4/ADL/01.mp4,1,6.48,7.44,0.836,1
datasets/gmdcsa24/Subject 4/ADL/01.mp4,1,7.472,7.984,0.84,1
datasets/gmdcsa24/Subject 4/ADL/01.mp4,1,8.016,12.368,0.863,1
datasets/gmdcsa24/Subject 4/ADL/02.mp4,1,0.032,0.144,0.753,1
datasets/gmdcsa24/Subject 4/ADL/02.mp4,1,0.176,0.816,0.809,1
datasets/gmdcsa24/Subject 4/ADL/02.mp4,1,0.912,0.976,0.661,1
datasets/gmdcsa24/Subject 4/ADL/02.mp4,1,1.008,1.072,0.841,1
datasets/gmdcsa24/Subject 4/ADL/02.mp4,2,2.992,4.624,0.736,1
datasets/gmdcsa24/Subject 4/ADL/02.mp4,2,5.072,5.168,0.613,1
datasets/gmdcsa24/Subject 4/ADL/02.mp4,2,5.664,5.696,0.593,1
datasets/gmdcsa24/Subject 4/ADL/02.mp4,2,5.776,5.936,0.72,1
datasets/gmdcsa24/Subject 4/ADL/02.mp4,2,6.0,6.672,0.556,1
datasets/gmdcsa24/Subject 4/ADL/02.mp4,2,7.04,7.136,0.618,1
datasets/gmdcsa24/Subject 4/ADL/02.mp4,2,7.28,9.36,0.729,1
datasets/gmdcsa24/Subject 4/ADL/02.mp4,2,9.424,9.456,0.554,1
datasets/gmdcsa24/Subject 4/ADL/02.mp4,2,9.552,9.616,0.561,1
datasets/gmdcsa24/Subject 4/ADL/02.mp4,2,9.76,9.984,0.575,1
datasets/gmdcsa24/Subject 4/ADL/02.mp4,2,10.432,10.528,0.68,1
datasets/gmdcsa24/Subject 4/ADL/03.mp4,1,1.344,1.408,0.745,1
datasets/gmdcsa24/Subject 4/ADL/03.mp4,1,1.488,1.52,0.557,1
datasets/gmdcsa24/Subject 4/ADL/03.mp4,1,1.712,1.744,0.666,1
datasets/gmdcsa24/Subject 4/ADL/03.mp4,1,1.856,2.048,0.69,1
datasets/gmdcsa24/Subject 4/ADL/03.mp4,2,0.112,0.144,0.719,1
datasets/gmdcsa24/Subject 4/ADL/03.mp4,2,0.208,0.512,0.797,1
datasets/gmdcsa24/Subject 4/ADL/03.mp4,2,0.608,0.816,0.639,1
datasets/gmdcsa24/Subject 4/ADL/03.mp4,4,2.624,2.72,0.713,1
datasets/gmdcsa24/Subject 4/ADL/03.mp4,4,3.088,3.12,0.55,1
datasets/gmdcsa24/Subject 4/ADL/03.mp4,4,3.152,3.184,0.593,1
datasets/gmdcsa24/Subject 4/ADL/03.mp4,4,3.76,3.92,0.579,1
datasets/gmdcsa24/Subject 4/ADL/03.mp4,4,3.968,4.064,0.619,1
datasets/gmdcsa24/Subject 4/ADL/03.mp4,4,4.56,4.624,0.609,1
datasets/gmdcsa24/Subject 4/ADL/03.mp4,4,4.736,4.8,0.575,1
datasets/gmdcsa24/Subject 4/ADL/03.mp4,4,4.992,5.168,0.644,1
datasets/gmdcsa24/Subject 4/ADL/03.mp4,4,5.2,5.696,0.651,1
datasets/gmdcsa24/Subject 4/ADL/03.mp4,4,5.872,6.032,0.783,1
datasets/gmdcsa24/Subject 4/ADL/03.mp4,4,6.064,7.408,0.799,1
datasets/gmdcsa24/Subject 4/ADL/03.mp4,4,7.472,7.616,0.7,1
datasets/gmdcsa24/Subject 4/ADL/03.mp4,4,7.648,7.776,0.651,1
datasets/gmdcsa24/Subject 4/ADL/03.mp4,4,7.888,8.288,0.743,1
datasets/gmdcsa24/Subject 4/ADL/03.mp4,4,8.384,8.624,0.69,1
datasets/gmdcsa24/Subject 4/ADL/03.mp4,4,8.656,8.88,0.756,1
datasets/gmdcsa24/Subject 4/ADL/03.mp4,4,8.912,8.912,0.648,1
datasets/gmdcsa24/Subject 4/ADL/03.mp4,9,7.776,7.808,0.611,1
datasets/gmdcsa24/Subject 4/ADL/04.mp4,1,0.08,0.736,0.839,1
datasets/gmdcsa24/Subject 4/ADL/04.mp4,1,0.816,1.12,0.747,1
datasets/gmdcsa24/Subject 4/ADL/04.mp4,1,2.112,2.224,0.588,1
datasets/gmdcsa24/Subject 4/ADL/04.mp4,1,2.56,2.656,0.747,1
datasets/gmdcsa24/Subject 4/ADL/04.mp4,1,2.688,2.928,0.668,1
datasets/gmdcsa24/Subject 4/ADL/04.mp4,1,3.088,3.36,0.594,1
datasets/gmdcsa24/Subject 4/ADL/04.mp4,1,3.52,3.584,0.659,1
datasets/gmdcsa24/Subject 4/ADL/04.mp4,1,3.664,4.4,0.686,1
datasets/gmdcsa24/Subject 4/ADL/04.mp4,1,4.464,4.496,0.587,1
datasets/gmdcsa24/Subject 4/ADL/04.mp4,1,4.624,4.704,0.621,1
datasets/gmdcsa24/Subject 4/ADL/04.mp4,1,4.736,4.768,0.661,1
datasets/gmdcsa24/Subject 4/ADL/04.mp4,1,4.96,5.408,0.704,1
datasets/gmdcsa24/Subject 4/ADL/04.mp4,1,5.504,5.872,0.683,1
datasets/gmdcsa24/Subject 4/ADL/04.mp4,1,5.936,7.168,0.678,1
datasets/gmdcsa24/Subject 4/ADL/05.mp4,1,1.2,1.712,0.776,1
datasets/gmdcsa24/Subject 4/ADL/05.mp4,1,1.744,2.08,0.839,1
datasets/gmdcsa24/Subject 4/ADL/05.mp4,2,2.336,7.328,0.918,1
datasets/gmdcsa24/Subject 4/ADL/06.mp4,1,1.584,6.544,0.926,1
datasets/gmdcsa24/Subject 4/ADL/07.mp4,1,0.064,1.296,0.874,1
datasets/gmdcsa24/Subject 4/ADL/07.mp4,1,1.344,1.376,0.61,1
datasets/gmdcsa24/Subject 4/ADL/07.mp4,1,1.968,2.848,0.816,1
datasets/gmdcsa24/Subject 4/ADL/07.mp4,1,3.344,4.288,0.825,1
datasets/gmdcsa24/Subject 4/ADL/07.mp4,1,4.752,4.96,0.804,1
datasets/gmdcsa24/Subject 4/ADL/08.mp4,1,0.608,1.584,0.877,1
datasets/gmdcsa24/Subject 4/ADL/08.mp4,2,1.312,1.408,0.673,1
datasets/gmdcsa24/Subject 4/ADL/08.mp4,6,1.808,4.352,0.863,1
datasets/gmdcsa24/Subject 4/ADL/08.mp4,6,4.4,4.624,0.747,1
datasets/gmdcsa24/Subject 4/ADL/08.mp4,6,5.024,5.056,0.673,1
datasets/gmdcsa24/Subject 4/ADL/08.mp4,6,5.36,5.424,0.625,1
datasets/gmdcsa24/Subject 4/ADL/08.mp4,6,5.472,5.968,0.792,1
datasets/gmdcsa24/Subject 4/ADL/08.mp4,6,6.24,6.336,0.562,1
datasets/gmdcsa24/Subject 4/ADL/08.mp4,6,6.944,7.936,0.82,1
datasets/gmdcsa24/Subject 4/ADL/08.mp4,6,8.016,8.08,0.71,1
datasets/gmdcsa24/Subject 4/ADL/08.mp4,6,8.144,8.512,0.773,1
datasets/gmdcsa24/Subject 4/ADL/08.mp4,6,8.544,8.608,0.566,1
datasets/gmdcsa24/Subject 4/ADL/08.mp4,7,8.688,12.304,0.811,1
datasets/gmdcsa24/Subject 4/ADL/09.mp4,1,0.032,0.96,0.822,1
datasets/gmdcsa24/Subject 4/ADL/09.mp4,1,1.04,1.072,0.653,1
datasets/gmdcsa24/Subject 4/ADL/09.mp4,1,1.2,1.632,0.6,1
datasets/gmdcsa24/Subject 4/ADL/09.mp4,1,1.744,2.0,0.655,1
datasets/gmdcsa24/Subject 4/ADL/09.mp4,1,2.176,2.304,0.657,1
datasets/gmdcsa24/Subject 4/ADL/09.mp4,1,2.336,2.576,0.648,1
datasets/gmdcsa24/Subject 4/ADL/09.mp4,1,2.704,2.848,0.646,1
datasets/gmdcsa24/Subject 4/ADL/09.mp4,1,3.008,5.12,0.748,1
datasets/gmdcsa24/Subject 4/ADL/09.mp4,1,5.616,5.728,0.701,1
datasets/gmdcsa24/Subject 4/ADL/09.mp4,1,5.856,5.952,0.583,1
datasets/gmdcsa24/Subject 4/ADL/09.mp4,1,6.4,6.464,0.691,1
datasets/gmdcsa24/Subject 4/ADL/09.mp4,1,6.528,6.624,0.589,1
datasets/gmdcsa24/Subject 4/ADL/09.mp4,1,6.688,6.896,0.7,1
datasets/gmdcsa24/Subject 4/ADL/09.mp4,1,7.024,7.36,0.782,1
datasets/gmdcsa24/Subject 4/ADL/09.mp4,1,7.632,7.728,0.64,1
datasets/gmdcsa24/Subject 4/ADL/09.mp4,1,8.176,8.368,0.735,1
datasets/gmdcsa24/Subject 4/ADL/09.mp4,1,8.4,8.608,0.598,1
datasets/gmdcsa24/Subject 4/ADL/09.mp4,1,8.976,9.248,0.661,1
datasets/gmdcsa24/Subject 4/ADL/09.mp4,1,9.344,9.776,0.742,1
datasets/gmdcsa24/Subject 4/ADL/09.mp4,1,10.448,10.512,0.662,1
datasets/gmdcsa24/Subject 4/ADL/09.mp4,1,10.544,10.576,0.582,1
datasets/gmdcsa24/Subject 4/ADL/09.mp4,1,10.608,12.096,0.767,1
datasets/gmdcsa24/Subject 4/ADL/10.mp4,1,0.4,3.584,0.852,1
datasets/gmdcsa24/Subject 4/ADL/10.mp4,2,3.712,5.52,0.859,1
datasets/gmdcsa24/Subject 4/ADL/10.mp4,2,6.128,6.16,0.562,1
datasets/gmdcsa24/Subject 4/ADL/10.mp4,2,6.257,6.624,0.624,1
datasets/gmdcsa24/Subject 4/ADL/10.mp4,2,6.864,7.44,0.625,1
datasets/gmdcsa24/Subject 4/ADL/10.mp4,2,7.536,8.432,0.719,1
datasets/gmdcsa24/Subject 4/ADL/10.mp4,2,9.376,9.44,0.562,1
datasets/gmdcsa24/Subject 4/ADL/10.mp4,2,11.088,11.12,0.56,1
datasets/gmdcsa24/Subject 4/ADL/10.mp4,3,3.744,4.016,0.714,1
datasets/gmdcsa24/Subject 4/ADL/11.mp4,1,0.032,2.576,0.88,1
datasets/gmdcsa24/Subject 4/ADL/11.mp4,1,2.64,3.072,0.824,1
datasets/gmdcsa24/Subject 4/ADL/11.mp4,1,3.104,3.312,0.742,1
datasets/gmdcsa24/Subject 4/ADL/11.mp4,1,3.345,3.504,0.693,1
datasets/gmdcsa24/Subject 4/ADL/11.mp4,1,3.616,3.776,0.629,1
datasets/gmdcsa24/Subject 4/ADL/11.mp4,1,3.808,3.92,0.767,1
datasets/gmdcsa24/Subject 4/ADL/11.mp4,1,4.176,4.848,0.697,1
datasets/gmdcsa24/Subject 4/ADL/11.mp4,1,4.912,5.024,0.701,1
datasets/gmdcsa24/Subject 4/ADL/11.mp4,1,5.184,5.216,0.576,1
datasets/gmdcsa24/Subject 4/ADL/11.mp4,1,5.248,5.36,0.652,1
datasets/gmdcsa24/Subject 4/ADL/11.mp4,1,5.424,5.489,0.681,1
datasets/gmdcsa24/Subject 4/ADL/11.mp4,1,5.52,5.792,0.687,1
datasets/gmdcsa24/Subject 4/ADL/11.mp4,1,5.856,6.688,0.765,1
datasets/gmdcsa24/Subject 4/ADL/11.mp4,1,7.024,7.296,0.635,1
datasets/gmdcsa24/Subject 4/ADL/11.mp4,1,7.36,7.792,0.67,1
datasets/gmdcsa24/Subject 4/ADL/11.mp4,1,8.032,9.136,0.775,1
datasets/gmdcsa24/Subject 4/ADL/11.mp4,1,10.384,10.448,0.682,1
datasets/gmdcsa24/Subject 4/ADL/12.mp4,1,0.064,1.408,0.782,1
datasets/gmdcsa24/Subject 4/ADL/12.mp4,1,1.472,1.504,0.662,1
datasets/gmdcsa24/Subject 4/ADL/12.mp4,1,1.808,1.968,0.708,1
datasets/gmdcsa24/Subject 4/ADL/12.mp4,1,2.144,2.272,0.774,1
datasets/gmdcsa24/Subject 4/ADL/12.mp4,1,2.304,2.752,0.727,1
datasets/gmdcsa24/Subject 4/ADL/12.mp4,1,2.912,2.944,0.593,1
datasets/gmdcsa24/Subject 4/ADL/12.mp4,1,3.04,3.152,0.689,1
datasets/gmdcsa24/Subject 4/ADL/12.mp4,6,3.744,4.224,0.852,1
datasets/gmdcsa24/Subject 4/ADL/12.mp4,6,4.256,6.032,0.809,1
datasets/gmdcsa24/Subject 4/ADL/12.mp4,6,6.064,6.16,0.821,1
datasets/gmdcsa24/Subject 4/ADL/12.mp4,6,6.592,6.736,0.665,1
datasets/gmdcsa24/Subject 4/ADL/12.mp4,6,7.744,7.776,0.62,1
datasets/gmdcsa24/Subject 4/ADL/12.mp4,6,7.808,8.272,0.598,1
datasets/gmdcsa24/Subject 4/ADL/12.mp4,6,8.576,8.576,0.762,1
datasets/gmdcsa24/Subject 4/ADL/12.mp4,9,6.224,6.224,0.669,1
datasets/gmdcsa24/Subject 4/ADL/13.mp4,1,0.512,0.64,0.742,1
datasets/gmdcsa24/Subject 4/ADL/13.mp4,1,0.736,0.768,0.558,1
datasets/gmdcsa24/Subject 4/ADL/13.mp4,1,1.44,1.472,0.631,1
datasets/gmdcsa24/Subject 4/ADL/13.mp4,1,1.536,1.744,0.707,1
datasets/gmdcsa24/Subject 4/ADL/13.mp4,1,4.592,4.624,0.598,1
datasets/gmdcsa24/Subject 4/ADL/14.mp4,2,0.16,0.704,0.703,1
datasets/gmdcsa24/Subject 4/ADL/14.mp4,3,0.8,0.928,0.615,1
datasets/gmdcsa24/Subject 4/ADL/14.mp4,3,0.992,2.401,0.842,1
datasets/gmdcsa24/Subject 4/ADL/14.mp4,3,2.48,2.976,0.827,1
datasets/gmdcsa24/Subject 4/ADL/14.mp4,3,3.28,3.712,0.734,1
datasets/gmdcsa24/Subject 4/ADL/14.mp4,3,3.984,4.32,0.678,1
datasets/gmdcsa24/Subject 4/ADL/15.mp4,1,0.304,0.912,0.81,1
datasets/gmdcsa24/Subject 4/ADL/15.mp4,2,0.672,1.04,0.809,1
datasets/gmdcsa24/Subject 4/ADL/15.mp4,2,1.072,5.296,0.878,1
datasets/gmdcsa24/Subject 4/ADL/16.mp4,1,0.48,1.008,0.852,1
datasets/gmdcsa24/Subject 4/ADL/16.mp4,1,1.04,1.184,0.774,1
datasets/gmdcsa24/Subject 4/ADL/16.mp4,1,1.248,2.88,0.88,1
datasets/gmdcsa24/Subject 4/ADL/16.mp4,1,2.913,3.024,0.717,1
datasets/gmdcsa24/Subject 4/ADL/16.mp4,2,3.088,4.688,0.897,1
datasets/gmdcsa24/Subject 4/ADL/16.mp4,2,4.768,4.928,0.761,1
datasets/gmdcsa24/Subject 4/ADL/16.mp4,2,4.96,5.168,0.847,1
datasets/gmdcsa24/Subject 4/ADL/16.mp4,2,5.296,7.104,0.872,1
datasets/gmdcsa24/Subject 4/ADL/17.mp4,2,1.712,2.336,0.822,1
datasets/gmdcsa24/Subject 4/ADL/17.mp4,2,2.72,3.312,0.745,1
datasets/gmdcsa24/Subject 4/ADL/17.mp4,2,3.984,4.048,0.571,1
datasets/gmdcsa24/Subject 4/ADL/18.mp4,2,1.712,2.304,0.756,1
datasets/gmdcsa24/Subject 4/ADL/18.mp4,2,2.784,2.976,0.769,1
datasets/gmdcsa24/Subject 4/ADL/20.mp4,4,15.776,15.776,0.552,1
datasets/gmdcsa24/Subject 4/Fall/01.mp4,1,2.016,3.088,0.889,1
datasets/gmdcsa24/Subject 4/Fall/01.mp4,1,3.152,3.92,0.651,1
datasets/gmdcsa24/Subject 4/Fall/01.mp4,1,3.952,4.624,0.787,1
datasets/gmdcsa24/Subject 4/Fall/02.mp4,1,0.032,2.112,0.856,1
datasets/gmdcsa24/Subject 4/Fall/02.mp4,1,2.208,2.944,0.875,1
datasets/gmdcsa24/Subject 4/Fall/03.mp4,2,2.448,6.672,0.876,1
datasets/gmdcsa24/Subject 4/Fall/04.mp4,3,1.536,1.744,0.853,1
datasets/gmdcsa24/Subject 4/Fall/04.mp4,5,1.872,4.688,0.859,1
datasets/gmdcsa24/Subject 4/Fall/05.mp4,2,2.32,2.48,0.635,1
datasets/gmdcsa24/Subject 4/Fall/05.mp4,2,2.624,2.656,0.628,1
datasets/gmdcsa24/Subject 4/Fall/05.mp4,2,2.688,2.72,0.558,1
datasets/gmdcsa24/Subject 4/Fall/05.mp4,2,2.896,2.96,0.609,1
datasets/gmdcsa24/Subject 4/Fall/05.mp4,3,3.024,4.256,0.872,1
datasets/gmdcsa24/Subject 4/Fall/05.mp4,3,4.368,4.592,0.678,1
datasets/gmdcsa24/Subject 4/Fall/05.mp4,3,4.704,4.992,0.675,1
datasets/gmdcsa24/Subject 4/Fall/05.mp4,3,5.04,6.065,0.672,1
datasets/gmdcsa24/Subject 4/Fall/05.mp4,3,6.112,6.544,0.701,1
datasets/gmdcsa24/Subject 4/Fall/05.mp4,3,6.576,6.64,0.61,1
datasets/gmdcsa24/Subject 4/Fall/05.mp4,3,6.672,7.376,0.713,1
datasets/gmdcsa24/Subject 4/Fall/06.mp4,5,1.2,3.68,0.896,1
datasets/gmdcsa24/Subject 4/Fall/06.mp4,5,3.712,4.288,0.893,1
datasets/gmdcsa24/Subject 4/Fall/06.mp4,5,4.32,5.296,0.862,1
datasets/gmdcsa24/Subject 4/Fall/06.mp4,5,5.328,6.096,0.819,1
datasets/gmdcsa24/Subject 4/Fall/06.mp4,7,2.209,2.608,0.787,1
datasets/gmdcsa24/Subject 4/Fall/07.mp4,1,0.464,2.24,0.74,1
datasets/gmdcsa24/Subject 4/Fall/07.mp4,1,2.304,2.416,0.729,1
datasets/gmdcsa24/Subject 4/Fall/07.mp4,2,2.576,2.672,0.809,1
datasets/gmdcsa24/Subject 4/Fall/07.mp4,2,2.784,4.256,0.916,1
datasets/gmdcsa24/Subject 4/Fall/07.mp4,2,4.288,5.024,0.721,1
datasets/gmdcsa24/Subject 4/Fall/07.mp4,2,5.056,6.272,0.704,1
datasets/gmdcsa24/Subject 4/Fall/07.mp4,3,3.856,3.92,0.593,1
datasets/gmdcsa24/Subject 4/Fall/07.mp4,3,4.048,4.288,0.657,1
datasets/gmdcsa24/Subject 4/Fall/07.mp4,3,4.688,4.72,0.582,1
datasets/gmdcsa24/Subject 4/Fall/07.mp4,3,4.752,4.816,0.616,1
datasets/gmdcsa24/Subject 4/Fall/07.mp4,3,4.864,4.992,0.596,1
datasets/gmdcsa24/Subject 4/Fall/07.mp4,3,5.024,5.152,0.645,1
datasets/gmdcsa24/Subject 4/Fall/07.mp4,3,5.2,5.232,0.605,1
datasets/gmdcsa24/Subject 4/Fall/07.mp4,3,5.296,5.36,0.627,1
datasets/gmdcsa24/Subject 4/Fall/07.mp4,3,5.488,5.792,0.659,1
datasets/gmdcsa24/Subject 4/Fall/07.mp4,3,5.888,5.936,0.577,1
datasets/gmdcsa24/Subject 4/Fall/07.mp4,3,6.032,6.064,0.604,1
datasets/gmdcsa24/Subject 4/Fall/07.mp4,3,6.128,6.224,0.693,1
datasets/gmdcsa24/Subject 4/Fall/08.mp4,2,2.24,2.976,0.889,1
datasets/gmdcsa24/Subject 4/Fall/08.mp4,2,3.04,3.104,0.614,1
datasets/gmdcsa24/Subject 4/Fall/08.mp4,2,3.184,3.312,0.608,1
datasets/gmdcsa24/Subject 4/Fall/08.mp4,2,3.552,3.68,0.571,1
datasets/gmdcsa24/Subject 4/Fall/08.mp4,2,3.776,3.808,0.647,1
datasets/gmdcsa24/Subject 4/Fall/08.mp4,2,5.248,5.28,0.596,1
datasets/gmdcsa24/Subject 4/Fall/09.mp4,1,2.32,2.512,0.68,1
datasets/gmdcsa24/Subject 4/Fall/09.mp4,1,2.752,2.784,0.555,1
datasets/gmdcsa24/Subject 4/Fall/09.mp4,1,2.96,3.024,0.757,1
datasets/gmdcsa24/Subject 4/Fall/09.mp4,1,3.088,3.328,0.699,1
datasets/gmdcsa24/Subject 4/Fall/09.mp4,1,3.36,3.424,0.581,1
datasets/gmdcsa24/Subject 4/Fall/09.mp4,1,3.552,3.921,0.712,1
datasets/gmdcsa24/Subject 4/Fall/09.mp4,1,3.952,5.056,0.692,1
datasets/gmdcsa24/Subject 4/Fall/09.mp4,1,5.136,5.568,0.711,1
datasets/gmdcsa24/Subject 4/Fall/09.mp4,1,5.6,6.032,0.702,1
datasets/gmdcsa24/Subject 4/Fall/09.mp4,2,2.624,2.72,0.754,1
datasets/gmdcsa24/Subject 4/Fall/10.mp4,6,2.32,5.024,0.844,1
datasets/gmdcsa24/Subject 4/Fall/10.mp4,7,2.752,2.816,0.784,1
datasets/gmdcsa24/Subject 4/Fall/11.mp4,3,1.616,1.824,0.753,1
datasets/gmdcsa24/Subject 4/Fall/11.mp4,3,1.856,2.144,0.873,1
datasets/gmdcsa24/Subject 4/Fall/11.mp4,6,2.96,2.992,0.671,1
datasets/gmdcsa24/Subject 4/Fall/12.mp4,1,1.584,1.68,0.817,1
datasets/gmdcsa24/Subject 4/Fall/12.mp4,1,1.776,1.824,0.651,1
datasets/gmdcsa24/Subject 4/Fall/12.mp4,2,2.144,4.592,0.923,1
datasets/gmdcsa24/Subject 4/Fall/13.mp4,1,0.368,0.768,0.873,1
datasets/gmdcsa24/Subject 4/Fall/13.mp4,2,0.848,0.912,0.85,1
datasets/gmdcsa24/Subject 4/Fall/13.mp4,2,0.944,1.008,0.806,1
datasets/gmdcsa24/Subject 4/Fall/13.mp4,2,1.04,4.96,0.865,1
datasets/gmdcsa24/Subject 4/Fall/14.mp4,1,0.897,2.112,0.872,1
datasets/gmdcsa24/Subject 4/Fall/14.mp4,2,1.872,3.136,0.91,1
datasets/gmdcsa24/Subject 4/Fall/14.mp4,4,4.016,4.144,0.794,1
datasets/gmdcsa24/Subject 4/Fall/14.mp4,4,4.176,4.208,0.778,1
datasets/gmdcsa24/Subject 4/Fall/14.mp4,4,4.656,4.688,0.567,1
datasets/gmdcsa24/Subject 4/Fall/14.mp4,4,4.752,4.816,0.563,1
datasets/gmdcsa24/Subject 4/Fall/15.mp4,2,2.272,4.816,0.922,1
datasets/gmdcsa24/Subject 4/Fall/16.mp4,2,3.664,7.072,0.942,1
datasets/gmdcsa24/Subject 4/Fall/17.mp4,1,0.032,2.576,0.812,1
datasets/gmdcsa24/Subject 4/Fall/17.mp4,1,2.784,6.896,0.883,1
datasets/gmdcsa24/Subject 4/Fall/17.mp4,3,3.216,3.616,0.837,1
